Frame,Time,M Gaze,P1 Gaze,P2 Gaze,M ASR,P1 ASR,P2 ASR,
,,,,,,,,
,,,,,,,,
,,,,,,,,
,,,,,,,,
,,,,,,,,
1,0.02,,,,,,,
2,0.04,,,,,,,
3,0.06,,,,,,,
4,0.08,,,,,,,
5,0.1,,,,,,,
6,0.12,,,,,,,
7,0.14,,,,,,,
8,0.16,,,,,,,
9,0.18,,,,,,,
10,0.2,,,,,,,
11,0.22,,,,,,,
12,0.24,,,,,,,
13,0.26,,,,,,,
14,0.28,,,,,,,
15,0.3,,,,,,,
16,0.32,,,,,,,
17,0.34,,,,,,,
18,0.36,,P2,,,,,
19,0.38,,P2,,,,,
20,0.4,,P2,,,,,
21,0.42,,P2,,,,,
22,0.44,,P2,,,,,
23,0.46,,P2,,,,,
24,0.48,,P2,,,,,
25,0.5,,P2,,,,,
26,0.52,,P2,,,,,
27,0.54,,P2,,,,,
28,0.56,,P2,,,,,
29,0.58,,P2,,,,,
30,0.6,,P2,,,,,
31,0.62,,P2,,,,,
32,0.64,,,,,,,
33,0.66,,,,,,,
34,0.68,,,,,,,
35,0.7,,,,,,,
36,0.72,,,,,,,
37,0.74,,,,,,,
38,0.76,,,,,,,
39,0.78,,,,,,,
40,0.8,,,,,,,
41,0.82,,,,,,,
42,0.84,,,,,,,
43,0.86,,,,,,,
44,0.88,,,,,,,
45,0.9,,,,,,,
46,0.92,,,,,,,
47,0.94,,,,,,,
48,0.96,,,,,,,
49,0.98,,P2,,,,,
50,1,,P2,,,,,
51,1.02,,P2,,,,,
52,1.04,,P2,,,,,
53,1.06,,P2,,,,,
54,1.08,,P2,,,,,
55,1.1,,P2,,,,,
56,1.12,,P2,,,,,
57,1.14,,P2,,,,,
58,1.16,,P2,,,,,
59,1.18,,P2,,,,,
60,1.2,,P2,,,,,
61,1.22,,P2,,,,,
62,1.24,,P2,,,,,
63,1.26,,P2,,,,,
64,1.28,,P2,,,,,
65,1.3,,P2,,,,,
66,1.32,,P2,,,,,
67,1.34,,P2,,,,,
68,1.36,,P2,,,,,
69,1.38,,P2,,,,,
70,1.4,,P2,,,,,
71,1.42,,P2,,,,,
72,1.44,,P2,,,,,
73,1.46,,P2,,,,,
74,1.48,,P2,,,,,
75,1.5,,P2,,,,,
76,1.52,,,,,,,
77,1.54,,,,,,,
78,1.56,,,,,,,
79,1.58,,,,,,,
80,1.6,,,,,,,
81,1.62,,,,,,,
82,1.64,,,,,,,
83,1.66,,,,,,,
84,1.68,,,,,,,
85,1.7,,,,,,,
86,1.72,,,,,,,
87,1.74,,,,,,,
88,1.76,,,,,,,
89,1.78,,,,,,,
90,1.8,,,,,,,
91,1.82,,,,,,,
92,1.84,,,,,,,
93,1.86,,,,,,,
94,1.88,,,,,,,
95,1.9,,,,,,,
96,1.92,,,,,,,
97,1.94,,,,,,,
98,1.96,,,,,,,
99,1.98,,,,,,,
100,2,,,,,,,
101,2.02,,,,,,,
102,2.04,,,,,,,
103,2.06,,,,,,,
104,2.08,,,,,,,
105,2.1,,,,,,,
106,2.12,,,,,,,
107,2.14,,,,,,,
108,2.16,,,,,,,
109,2.18,,,,,,,
110,2.2,,,,,,,
111,2.22,,,,,,,
112,2.24,,,,,,,
113,2.26,,,,,,,
114,2.28,,,,,,,
115,2.3,,,,,,,
116,2.32,,,,,,,
117,2.34,,,,,,,
118,2.36,,,,,,,
119,2.38,,,,,,,
120,2.4,,,,,,,
121,2.42,,,,,,,
122,2.44,,,,,,,
123,2.46,,,,,,,
124,2.48,,,,,,,
125,2.5,,,,,,,
126,2.52,,,,,,,
127,2.54,,,,,,,
128,2.56,,,,,,,
129,2.58,,,,,,,
130,2.6,,,,,,,
131,2.62,,,,,,,
132,2.64,,,,,,,
133,2.66,,,,,,,
134,2.68,,,,,,,
135,2.7,,,,,,,
136,2.72,,,,,,,
137,2.74,,,,,,,
138,2.76,,,,,,,
139,2.78,,,,,,,
140,2.8,,,,,,,
141,2.82,,,,,,,
142,2.84,,,,,,,
143,2.86,,,,,,,
144,2.88,,,,,,,
145,2.9,,,,,,,
146,2.92,,,,,,,
147,2.94,,,,,,,
148,2.96,,,,,,,
149,2.98,,,,,,,
150,3,,,,,,,
151,3.02,,,,,,,
152,3.04,,,,,,,
153,3.06,,,,,,,
154,3.08,,,,,,,
155,3.1,,,,,,,
156,3.12,,,,,,,
157,3.14,,,,,,,
158,3.16,,,,,,,
159,3.18,,,,,,,
160,3.2,,,,,,,
161,3.22,,,,,,,
162,3.24,,,,,,,
163,3.26,,,,,,,
164,3.28,,,,,,,
165,3.3,,,,,,,
166,3.32,,,,,,,
167,3.34,,,,,,,
168,3.36,,,,,,,
169,3.38,,,,,,,
170,3.4,,,,,,,
171,3.42,,,,,,,
172,3.44,,,,,,,
173,3.46,,,M,,,,
174,3.48,,,M,,,,
175,3.5,,,M,,,,
176,3.52,,,M,,,,
177,3.54,,,M,,,,
178,3.56,,,M,,,,
179,3.58,,,M,,,,
180,3.6,,,M,,,,
181,3.62,,,M,,,,
182,3.64,,,M,,,,
183,3.66,,,M,,,,
184,3.68,,,M,,,,
185,3.7,,,M,,,,
186,3.72,,,M,,,,
187,3.74,,,M,,,,
188,3.76,,,M,,,,
189,3.78,,,M,,,,
190,3.8,,,M,,,,
191,3.82,P2,,M,,,,
192,3.84,P2,,M,,,,
193,3.86,P2,,M,,,,
194,3.88,P2,,M,,,,
195,3.9,P2,,M,,,,
196,3.92,P2,,M,,,,
197,3.94,P2,,M,,,,
198,3.96,P2,,M,,,,
199,3.98,P2,,M,,,,
200,4,P2,,M,,,,
201,4.02,P2,,M,,,,
202,4.04,P2,,M,,,,
203,4.06,P2,,M,,,,
204,4.08,P2,,M,,,,
205,4.1,P2,,M,,,,
206,4.12,P2,,M,,,,
207,4.14,P2,,M,,,,
208,4.16,P2,,M,,,,
209,4.18,P2,,M,,,,
210,4.2,P2,,M,,,,
211,4.22,P2,,M,,,,
212,4.24,P2,,M,,,,
213,4.26,P2,,M,,,,
214,4.28,P2,,M,,,,
215,4.3,P2,,M,,,,
216,4.32,P2,,M,,,,
217,4.34,P2,,M,,,,
218,4.36,P2,,M,,,,
219,4.38,P2,P2,M,,,,
220,4.4,P2,P2,M,,,,
221,4.42,P2,P2,M,,,,
222,4.44,P2,P2,M,,,,
223,4.46,P2,P2,M,,,,
224,4.48,P2,P2,M,,,,
225,4.5,P2,P2,M,,,,
226,4.52,P2,P2,M,,,,
227,4.54,P2,P2,M,,,,
228,4.56,P2,P2,M,,,,
229,4.58,P2,P2,M,,,,
230,4.6,P2,,M,,,,
231,4.62,P2,,M,,,,
232,4.64,P2,,M,,,,
233,4.66,P2,,M,,,,
234,4.68,P2,,M,,,,
235,4.7,P2,,M,,,,
236,4.72,P2,,M,,,,
237,4.74,P2,,M,,,,
238,4.76,P2,,M,,,,
239,4.78,P2,,M,,,,
240,4.8,P2,,M,,,,
241,4.82,P2,,M,,,,
242,4.84,P2,,M,,,,
243,4.86,P2,,M,,,,
244,4.88,P2,,M,,,,
245,4.9,P2,,M,,,,
246,4.92,P2,,M,,,,
247,4.94,P2,,M,,,,
248,4.96,P2,,M,,,,
249,4.98,P2,,M,,,,
250,5,P2,,M,,,,
251,5.02,P2,,M,,,,
252,5.04,P2,,M,,,,
253,5.06,P2,,M,,,,
254,5.08,P2,,M,,,,
255,5.1,P2,,M,,,,
256,5.12,P2,,M,,,,
257,5.14,P2,,M,,,,
258,5.16,P2,,M,,,,
259,5.18,P2,,M,,,,
260,5.2,P2,,M,,,,
261,5.22,P2,,M,,,,
262,5.24,P2,,M,,,,
263,5.26,P2,,M,,,,
264,5.28,P2,,M,,,,
265,5.3,P2,,M,,,,
266,5.32,P2,,M,,,,
267,5.34,P2,P2,M,,,,
268,5.36,,P2,M,,,,
269,5.38,,P2,M,,,,
270,5.4,,P2,M,,,,
271,5.42,,P2,M,,,,
272,5.44,,P2,M,,,,
273,5.46,,P2,M,,,,
274,5.48,,P2,M,,,,
275,5.5,,P2,M,,,,
276,5.52,,P2,M,,,,
277,5.54,,P2,M,,,,
278,5.56,,P2,M,,,,
279,5.58,,P2,M,,,,
280,5.6,,P2,M,,,,
281,5.62,,P2,M,,,,
282,5.64,,P2,M,,,,
283,5.66,,P2,M,,,,
284,5.68,,P2,M,,,,
285,5.7,P2,P2,M,,,,
286,5.72,P2,P2,M,,,,
287,5.74,P2,P2,M,,,,
288,5.76,P2,P2,M,,,,
289,5.78,P2,P2,M,,,,
290,5.8,P2,P2,M,,,,
291,5.82,P2,P2,M,,,,
292,5.84,P2,P2,M,,,,
293,5.86,P2,P2,M,,,,
294,5.88,P2,P2,M,,,,
295,5.9,P2,P2,M,,,,
296,5.92,P2,P2,M,,,,
297,5.94,P2,P2,M,,,,
298,5.96,P2,P2,M,,,,
299,5.98,P2,P2,M,,,,
300,6,P2,P2,M,,,,
301,6.02,P2,P2,M,,,,
302,6.04,P2,P2,M,,,,
303,6.06,P2,,M,,,,
304,6.08,P2,,M,,,,
305,6.1,P2,,M,,,,
306,6.12,P2,,M,,,,
307,6.14,P2,,M,,,,
308,6.16,P2,,M,,,,
309,6.18,P2,,M,,,,
310,6.2,P2,,M,,,,
311,6.22,P2,,M,,,,
312,6.24,P2,,M,,,,
313,6.26,P2,,M,,,,
314,6.28,P2,,M,,,,
315,6.3,P2,,M,,,,
316,6.32,P2,,M,,,,
317,6.34,P2,,M,,,,
318,6.36,P2,,M,,,,
319,6.38,P2,,M,,,,
320,6.4,P2,,M,,,,
321,6.42,P2,,M,,,,
322,6.44,P2,,M,,,,
323,6.46,,,M,,,,
324,6.48,,,M,,,,
325,6.5,,,M,,,,
326,6.52,,,M,,,,
327,6.54,,,M,,,,
328,6.56,,,M,,,,
329,6.58,,,M,,,,
330,6.6,,,M,,,,
331,6.62,,,M,,,,
332,6.64,,,M,,,,
333,6.66,,,M,,,,
334,6.68,,,M,,,,
335,6.7,,,M,,,,
336,6.72,,,M,,,,
337,6.74,,,M,,,,
338,6.76,,,M,,,,
339,6.78,,,M,,,,
340,6.8,,,M,,,,
341,6.82,,,M,,,,
342,6.84,,,M,,,,
343,6.86,,,M,,,,
344,6.88,,,M,,,,
345,6.9,,,M,,,,
346,6.92,,,M,,,,
347,6.94,,,M,,,,
348,6.96,,,M,,,,
349,6.98,,,M,,,,
350,7,,,M,,,,
351,7.02,,,M,,,,
352,7.04,,,M,,,,
353,7.06,,,M,,,,
354,7.08,,,M,,,,
355,7.1,,,M,,,,
356,7.12,,,M,,,,
357,7.14,,,M,,,,
358,7.16,,,M,,,,
359,7.18,,,M,,,,
360,7.2,,,M,,,,
361,7.22,,,M,,,,
362,7.24,,,M,,,,
363,7.26,,,M,,,,
364,7.28,,,M,,,,
365,7.3,,,M,,,,
366,7.32,,,M,,,,
367,7.34,,,M,,,,
368,7.36,,,,,,,
369,7.38,,,,,,,
370,7.4,,,,,,,
371,7.42,,,,,,,
372,7.44,,,,,,,
373,7.46,,,,,,,
374,7.48,,,,,,,
375,7.5,,,,,,,
376,7.52,,,,,,,
377,7.54,,,,,,,
378,7.56,,,,,,,
379,7.58,,,,,,,
380,7.6,,,,,,,
381,7.62,,,,,,,
382,7.64,,,,,,,
383,7.66,,,,,,,
384,7.68,,,,,,,
385,7.7,,,,,,,
386,7.72,,,,,,,
387,7.74,,,,,,,
388,7.76,,,,,,,
389,7.78,,,,,,,
390,7.8,,,,,,,
391,7.82,,,,,,,
392,7.84,,,,,,,
393,7.86,,,,,,,
394,7.88,,,,,,,
395,7.9,,,,,,,
396,7.92,,,,,,,
397,7.94,,,,,,,
398,7.96,,,,,,,
399,7.98,,,,,,,
400,8,,,,,,,
401,8.02,,,,,,,
402,8.04,,,,,,,
403,8.06,,,,,,,
404,8.08,,,,,,,
405,8.1,,,,,,,
406,8.12,,,,,,,
407,8.14,,,,,,,
408,8.16,,,,,,,
409,8.18,,,,,,,
410,8.2,,,,,,,
411,8.22,,,,,,,
412,8.24,,,,,,,
413,8.26,,,,,,,
414,8.28,,,,,,,
415,8.3,,,,,,,
416,8.32,,,,,,,
417,8.34,,,,,,,
418,8.36,,,,,,,
419,8.38,,,,,,,
420,8.4,,,,,,,
421,8.42,,,,,,,
422,8.44,,,,,,,
423,8.46,,,,,,,
424,8.48,,,,,,,
425,8.5,,,,,,,
426,8.52,,,,,,,
427,8.54,,,,,,,
428,8.56,,,,,,,
429,8.58,,,,,,,
430,8.6,,,,,,,
431,8.62,,,,,,,
432,8.64,,,,,,,
433,8.66,,,,,,,
434,8.68,,,,,,,
435,8.7,,,,,,,
436,8.72,,,,,,,
437,8.74,,,,,,,
438,8.76,,,,,,,
439,8.78,,,,,,,
440,8.8,,,,,,,
441,8.82,,,,,,,
442,8.84,,,,,,,
443,8.86,,,,,,,
444,8.88,,,,,,,
445,8.9,,,,,,,
446,8.92,,,,,,,
447,8.94,,,,,,,
448,8.96,,,,,,,
449,8.98,,,,,,,
450,9,,,,,,,
451,9.02,,,,,,,
452,9.04,,,,,,,
453,9.06,,,,,,,
454,9.08,,,,,,,
455,9.1,,,,,,,
456,9.12,,,,,,,
457,9.14,,P2,,,,,
458,9.16,,P2,,,,,
459,9.18,,P2,,,,,
460,9.2,,P2,,,,,
461,9.22,,P2,,,,,
462,9.24,,P2,,,,,
463,9.26,,P2,,,,,
464,9.28,,P2,,,,,
465,9.3,,P2,,,,,
466,9.32,,P2,,,,,
467,9.34,,P2,,,,,
468,9.36,,P2,,,,,
469,9.38,,P2,,,,,
470,9.4,,P2,,,,,
471,9.42,,P2,,,,,
472,9.44,,P2,,,,,
473,9.46,,P2,,,,,
474,9.48,,P2,,,,,
475,9.5,,P2,,,,,
476,9.52,,P2,,,,,
477,9.54,,P2,,,,,
478,9.56,,P2,,,,,
479,9.58,,P2,,,,,
480,9.6,,P2,,,,,
481,9.62,,,,,,,
482,9.64,,,,,,,
483,9.66,,,,,,,
484,9.68,,,,,,,
485,9.7,,,,,,,
486,9.72,,,,,,,
487,9.74,,,,,,,
488,9.76,,,,,,,
489,9.78,,,,,,,
490,9.8,,,,,,,
491,9.82,,,,,,,
492,9.84,,,,,,,
493,9.86,,,,,,,
494,9.88,,,,,,,
495,9.9,,,,,,,
496,9.92,,,,,,,
497,9.94,,,,,,,
498,9.96,,,,,,,
499,9.98,,,,,,,
500,10,,,,,,,
501,10.02,,,,,,,
502,10.04,,,,,,,
503,10.06,,,,,,,
504,10.08,,,,,,,
505,10.1,,,,,,,
506,10.12,,,,,,,
507,10.14,,,,,,,
508,10.16,,,,,,,
509,10.18,,,,,,,
510,10.2,,,,,,,
511,10.22,,,,,,,
512,10.24,,,,,,,
513,10.26,,,,,,,
514,10.28,,,,,,,
515,10.3,,,,,,,
516,10.32,,,,,,,
517,10.34,,,,,,,
518,10.36,,,,,,,
519,10.38,,,,,,,
520,10.4,,,,,,,
521,10.42,,,,,,,
522,10.44,,,,,,,
523,10.46,,,,,,,
524,10.48,,,,,,,
525,10.5,,,,,,,
526,10.52,,,,,,,
527,10.54,,,,,,,
528,10.56,,,,,,,
529,10.58,,,,,,,
530,10.6,,,,,,,
531,10.62,,,,,,,
532,10.64,,,,,,,
533,10.66,,,,,,,
534,10.68,,,,,,,
535,10.7,,,,,,,
536,10.72,,,,,,,
537,10.74,,,,,,,
538,10.76,,,,,,,
539,10.78,,,,,,,
540,10.8,,,,,,,
541,10.82,,,,,,,
542,10.84,,,,,,,
543,10.86,,,,,,,
544,10.88,,,,,,,
545,10.9,,,,,,,
546,10.92,,,,,,,
547,10.94,,,,,,,
548,10.96,,,,,,,
549,10.98,,,,,,,
550,11,,,,,,,
551,11.02,,,,,,,
552,11.04,,,,,,,
553,11.06,,,,,,,
554,11.08,,,,,,,
555,11.1,,,,,,,
556,11.12,,,,,,,
557,11.14,,,,,,,
558,11.16,,,,,,,
559,11.18,,,,,,,
560,11.2,,,,,,,
561,11.22,,,,,,,
562,11.24,,,,,,,
563,11.26,,,,,,,
564,11.28,,,,,,,
565,11.3,,,,,,,
566,11.32,,,,,,,
567,11.34,,,,,,,
568,11.36,,,,,,,
569,11.38,,,,,,,
570,11.4,,,,,,,
571,11.42,,,,,,,
572,11.44,,,,,,,
573,11.46,,,,,,,
574,11.48,,,,,,,
575,11.5,,,,,,,
576,11.52,,,,,,,
577,11.54,,,,,,,
578,11.56,,,,,,,
579,11.58,,,,,,,
580,11.6,,,,,,,
581,11.62,,,,,,,
582,11.64,,,,,,,
583,11.66,,,,,,,
584,11.68,,,,,,,
585,11.7,,,,,,,
586,11.72,,,,,,,
587,11.74,,,,,,,
588,11.76,,,,,,,
589,11.78,,,,,,,
590,11.8,,,,,,,
591,11.82,,,,,,,
592,11.84,,,,,,,
593,11.86,,,,,,,
594,11.88,,,,,,,
595,11.9,,,,,,,
596,11.92,,,,,,,
597,11.94,,,,,,,
598,11.96,,,,,,,
599,11.98,,,,,,,
600,12,,,,,,,
601,12.02,,,,,,,
602,12.04,,,,,,,
603,12.06,,,,,,,
604,12.08,,,,,,,
605,12.1,,,,,,,
606,12.12,,,,,,,
607,12.14,,,,,,,
608,12.16,,,,,,,
609,12.18,,,,,,,
610,12.2,,,,,,,
611,12.22,,,,,,,
612,12.24,,,,,,,
613,12.26,,,,,,,
614,12.28,,,,,,,
615,12.3,,,,,,,
616,12.32,,,,,,,
617,12.34,,,,,,,
618,12.36,,,,,,,
619,12.38,,,,,,,
620,12.4,,,,,,,
621,12.42,,,,,,,
622,12.44,,,,,,,
623,12.46,,,,,,,
624,12.48,,,,,,,
625,12.5,,,,,,,
626,12.52,,,,,,,
627,12.54,,,,,,,
628,12.56,,,,,,,
629,12.58,,,,,,,
630,12.6,,,,,,,
631,12.62,,,,,,,
632,12.64,,,,,,,
633,12.66,,,,,,,
634,12.68,,,,,,,
635,12.7,,,,,,,
636,12.72,,,,,,,
637,12.74,,,,,,,
638,12.76,,,,,,,
639,12.78,,,,,,,
640,12.8,,,,,,,
641,12.82,,,,,,,
642,12.84,,,,,,,
643,12.86,,,,,,,
644,12.88,,,,,,,
645,12.9,,,,,,,
646,12.92,,,,,,,
647,12.94,,,,,,,
648,12.96,,,,,,,
649,12.98,,,,,,,
650,13,,,,,,,
651,13.02,,,,,,,
652,13.04,,,,,,,
653,13.06,,,,,,,
654,13.08,,,,,,,
655,13.1,,,,,,,
656,13.12,,,,,,,
657,13.14,,,,,,,
658,13.16,,,,,,,
659,13.18,,,,,,,
660,13.2,,,,,,,
661,13.22,,,,,,,
662,13.24,,,,,,,
663,13.26,,,,,,,
664,13.28,,,,,,,
665,13.3,,,,,,,
666,13.32,,,,,,,
667,13.34,,,,,,,
668,13.36,,,,,,,
669,13.38,,,,,,,
670,13.4,,,,,,,
671,13.42,,,,,,,
672,13.44,,,,,,,
673,13.46,,,,,,,
674,13.48,,,,,,,
675,13.5,,,,,,,
676,13.52,,,,,,,
677,13.54,,,,,,,
678,13.56,,,,,,,
679,13.58,,,,,,,
680,13.6,,,,,,,
681,13.62,,,,,,,
682,13.64,,,,,,,
683,13.66,,,,,,,
684,13.68,,,,,,,
685,13.7,,,,,,,
686,13.72,,,,,,,
687,13.74,,,,,,,
688,13.76,,,,,,,
689,13.78,,,,,,,
690,13.8,,,,,,,
691,13.82,,,,,,,
692,13.84,,,,,,,
693,13.86,,,,,,,
694,13.88,,,,,,,
695,13.9,,,,,,,
696,13.92,,,,,,,
697,13.94,,,,,,,
698,13.96,,,,,,,
699,13.98,,,,,,,
700,14,,,,,,,
701,14.02,,,,,,,
702,14.04,,,,,,,
703,14.06,,,,,,,
704,14.08,,,,,,,
705,14.1,,,,,,,
706,14.12,,,,,,,
707,14.14,,,,,,,
708,14.16,,,,,,,
709,14.18,,,,,,,
710,14.2,,,,,,,
711,14.22,,,,,,,
712,14.24,,,,,,,
713,14.26,,,,,,,
714,14.28,,,,,,,
715,14.3,,,,,,,
716,14.32,,,,,,,
717,14.34,,,,,,,
718,14.36,,,,,,,
719,14.38,,,,,,,
720,14.4,,,,,,,
721,14.42,,,,,,,
722,14.44,,,,,,,
723,14.46,,,,,,,
724,14.48,,,,,,,
725,14.5,,,,,,,
726,14.52,,,,,,,
727,14.54,,,,,,,
728,14.56,,,,,,,
729,14.58,P2,,,,,,
730,14.6,P2,,,,,,
731,14.62,P2,,,,,,
732,14.64,P2,,,,,,
733,14.66,P2,,,,,,
734,14.68,P2,,,,,,
735,14.7,P2,,,,,,
736,14.72,P2,,,,,,
737,14.74,P2,,,,,,
738,14.76,P2,,,,,,
739,14.78,P2,,,,,,
740,14.8,,,,,,,
741,14.82,,,,,,,
742,14.84,,,,,,,
743,14.86,,,,,,,
744,14.88,,,,,,,
745,14.9,,,,,,,
746,14.92,,,,,,,
747,14.94,,,,,,,
748,14.96,,,,,,,
749,14.98,,,,,,,
750,15,,,,,,,
751,15.02,,,,,,,
752,15.04,,,O2,,,,
753,15.06,,,O2,,,,
754,15.08,,,O2,,,,
755,15.1,,,O2,,,,
756,15.12,,,O2,,,,
757,15.14,,,O2,,,,
758,15.16,,,O2,,,,
759,15.18,,,O2,,,,
760,15.2,,,O2,,,,
761,15.22,,,O2,,,,
762,15.24,,,O2,,,,
763,15.26,,,,,,,
764,15.28,,,,,,,
765,15.3,,,,,,,
766,15.32,,,,,,,
767,15.34,,,,,,,
768,15.36,,,,,,,
769,15.38,,,,,,,
770,15.4,,,,,,,
771,15.42,,,,,,,
772,15.44,,,,,,,
773,15.46,,,,,,,
774,15.48,,,,,,,
775,15.5,,,,,,,
776,15.52,,,,,,,
777,15.54,,,,,,,
778,15.56,,,,,,,
779,15.58,,,,,,,
780,15.6,,,,,,,
781,15.62,,,,,,,
782,15.64,,,,,,,
783,15.66,,,,,,,
784,15.68,,,,,,,
785,15.7,,,,,,,
786,15.72,,,,,,,
787,15.74,,,,,,,
788,15.76,,,,,,,
789,15.78,,,,,,,
790,15.8,,,,,,,
791,15.82,,,,,,,
792,15.84,,,,,,,
793,15.86,,,,,,,
794,15.88,,,,,,,
795,15.9,,,,,,,
796,15.92,,,,,,,
797,15.94,,,,,,,
798,15.96,,,,,,,
799,15.98,,,,,,,
800,16,,,,,,,
801,16.02,,,,,,,
802,16.04,,,,,,,
803,16.06,,,,,,,
804,16.08,,,,,,,
805,16.1,,,,,,,
806,16.12,,,,,,,
807,16.14,,,,,,,
808,16.16,,,,,,,
809,16.18,,,,,,,
810,16.2,,,,,,,
811,16.22,,,,,,,
812,16.24,,,,,,,
813,16.26,,,,,,,
814,16.28,,,,,,,
815,16.3,,,,,,,
816,16.32,,,,,,,
817,16.34,,,,,,,
818,16.36,,,,,,,
819,16.38,,,,,,,
820,16.4,,,,,,,
821,16.42,,,,,,,
822,16.44,,,,,,,
823,16.46,,,,,,,
824,16.48,,,,,,,
825,16.5,,,,,,,
826,16.52,,,,,,,
827,16.54,,,,,,,
828,16.56,,,,,,,
829,16.58,,,,,,,
830,16.6,,,,,,,
831,16.62,,,,,,,
832,16.64,,,,,,,
833,16.66,,,,,,,
834,16.68,,,,,,,
835,16.7,,,,,,,
836,16.72,,,,,,,
837,16.74,,,,,,,
838,16.76,,,,,,,
839,16.78,,,,,,,
840,16.8,,,,,,,
841,16.82,,,,,,,
842,16.84,,,,,,,
843,16.86,,,,,,,
844,16.88,,,,,,,
845,16.9,,,,,,,
846,16.92,,,,,,,
847,16.94,,,,,,,
848,16.96,,,,,,,
849,16.98,,,,,,,
850,17,,,,,,,
851,17.02,,,,,,,
852,17.04,,,,,,,
853,17.06,,,,,,,
854,17.08,O8,,,,,,
855,17.1,O8,,,,,,
856,17.12,O8,,,,,,
857,17.14,O8,,,,,,
858,17.16,O8,,,,,,
859,17.18,O8,,,,,,
860,17.2,O8,,,,,,
861,17.22,O8,,,,,,
862,17.24,O8,,,,,,
863,17.26,O8,,,,,,
864,17.28,O8,,,,,,
865,17.3,O8,,,,,,
866,17.32,O8,,,,,,
867,17.34,O8,,,,,,
868,17.36,O8,,,,,,
869,17.38,O8,,,,,,
870,17.4,O8,,,,,,
871,17.42,O8,,,,,,
872,17.44,O8,,,,,,
873,17.46,O8,,,,,,
874,17.48,O8,,,,,,
875,17.5,,,,,,,
876,17.52,,,,,,,
877,17.54,,,,,,,
878,17.56,,,,,,,
879,17.58,,,,,,,
880,17.6,,,,,,,
881,17.62,,,,,,,
882,17.64,,,,,,,
883,17.66,,,,,,,
884,17.68,,,,,,,
885,17.7,,,,,,,
886,17.72,,,,,,,
887,17.74,,,,,,,
888,17.76,,,,,,,
889,17.78,,,,,,,
890,17.8,,,,,,,
891,17.82,,,,,,,
892,17.84,,,,,,,
893,17.86,,,,,,,
894,17.88,,,,,,,
895,17.9,,,,,,,
896,17.92,,,,,,,
897,17.94,,,,,,,
898,17.96,,,,,,,
899,17.98,,,,,,,
900,18,,,,,,,
901,18.02,,,,,,,
902,18.04,,,,,,,
903,18.06,,,,,,,
904,18.08,,,,,,,
905,18.1,,,,,,,
906,18.12,,,,,,,
907,18.14,,,,,,,
908,18.16,,,,,,,
909,18.18,,,,,,,
910,18.2,,,,,,,
911,18.22,,,,,,,
912,18.24,,,,,,,
913,18.26,,,,,,,
914,18.28,,,,,,,
915,18.3,,,,,,,
916,18.32,,,,,,,
917,18.34,,,,,,,
918,18.36,,,,,,,
919,18.38,,,,,,,
920,18.4,,,,,,,
921,18.42,,,,,,,
922,18.44,,,,,,,
923,18.46,,,,,,,
924,18.48,,,,,,,
925,18.5,,,,,,,
926,18.52,,,,,,,
927,18.54,,,,,,,
928,18.56,,,,,,,
929,18.58,,,,,,,
930,18.6,,,,,,,
931,18.62,,,,,,,
932,18.64,,,,,,,
933,18.66,,,,,,,
934,18.68,,,,,,,
935,18.7,,,,,,,
936,18.72,,,,,,,
937,18.74,,,,,,,
938,18.76,,,,,,,
939,18.78,,,,,,,
940,18.8,,,,,,,
941,18.82,,,,,,,
942,18.84,,,,,,,
943,18.86,,,,,,,
944,18.88,,,,,,,
945,18.9,,,,,,,
946,18.92,,,,,,,
947,18.94,,,,,,,
948,18.96,,,,,,,
949,18.98,,,,,,,
950,19,,,,,,,
951,19.02,,,,,,,
952,19.04,,,,,,,
953,19.06,,,,,,,
954,19.08,,,,,,,
955,19.1,,,,,,,
956,19.12,,,,,,,
957,19.14,,,,,,,
958,19.16,,,,,,,
959,19.18,,,,,,,
960,19.2,,,,,,,
961,19.22,,,,,,,
962,19.24,,,,,,,
963,19.26,,,,,,,
964,19.28,,,,,,,
965,19.3,,,,,,,
966,19.32,,,,,,,
967,19.34,,,,,,,
968,19.36,,,,,,,
969,19.38,,,,,,,
970,19.4,,,,,,,
971,19.42,,,,,,,
972,19.44,,,,,,,
973,19.46,,,,,,,
974,19.48,,,,,,,
975,19.5,,,,,,,
976,19.52,,,,,,,
977,19.54,,,,,,,
978,19.56,,,,,,,
979,19.58,,,,,,,
980,19.6,,,O4,,,,
981,19.62,,,O4,,,,
982,19.64,,,,,,,
983,19.66,,,,,,,
984,19.68,,,,,,,
985,19.7,,,,,,,
986,19.72,,,,,,,
987,19.74,,,,,,,
988,19.76,,,,,,,
989,19.78,,,,,,,
990,19.8,,,,,,,
991,19.82,,,,,,,
992,19.84,,,,,,,
993,19.86,,,,,,,
994,19.88,,,,,,,
995,19.9,,,,,,,
996,19.92,,,,,,,
997,19.94,,,,,,,
998,19.96,,,,,,,
999,19.98,,,,,,,
1000,20,,,,,,,
1001,20.02,,,,,,,
1002,20.04,,,,,,,
1003,20.06,,,,,,,
1004,20.08,,,,,,,
1005,20.1,,,,,,,
1006,20.12,,,,,,,
1007,20.14,,,,,,,
1008,20.16,,,,,,,
1009,20.18,,,,,,,
1010,20.2,,,,,,,
1011,20.22,,,,,,,
1012,20.24,,,,,,,
1013,20.26,,,,,,,
1014,20.28,,,,,,,
1015,20.3,,,,,,,
1016,20.32,,,,,,,
1017,20.34,,,,,,,
1018,20.36,,,,,,,
1019,20.38,,,,,,,
1020,20.4,,,,,,,
1021,20.42,,,,,,,
1022,20.44,,,,,,,
1023,20.46,,,,,,,
1024,20.48,,,,,,,
1025,20.5,,,,,,,
1026,20.52,,,,,,,
1027,20.54,,,,,,,
1028,20.56,,,,,,,
1029,20.58,,,,,,,
1030,20.6,,,,,,,
1031,20.62,,,,,,,
1032,20.64,,,,,,,
1033,20.66,,,,,,,
1034,20.68,,,,,,,
1035,20.7,,,,,,,
1036,20.72,,,,,,,
1037,20.74,,,,,,,
1038,20.76,,,,,,,
1039,20.78,,,,,,,
1040,20.8,,,,,,,
1041,20.82,,,,,,,
1042,20.84,,,,,,,
1043,20.86,,,,,,,
1044,20.88,,,,,,,
1045,20.9,,,,,,,
1046,20.92,,,,,,,
1047,20.94,,,,,,,
1048,20.96,,,O5,,,,
1049,20.98,,,O5,,,,
1050,21,,,O5,,,,
1051,21.02,,,O5,,,,
1052,21.04,,,O5,,,,
1053,21.06,,,O5,,,,
1054,21.08,,,O5,,,,
1055,21.1,,,O5,,,,
1056,21.12,,,O5,,,,
1057,21.14,,,,,,,
1058,21.16,,,,,,,
1059,21.18,,,,,,,
1060,21.2,,,,,,,
1061,21.22,,,,,,,
1062,21.24,,,,,,,
1063,21.26,,,,,,,
1064,21.28,,,,,,,
1065,21.3,,,,,,,
1066,21.32,,,,,,,
1067,21.34,,,,,,,
1068,21.36,,,,,,,
1069,21.38,,,,,,,
1070,21.4,,,,,,,
1071,21.42,,,,,,,
1072,21.44,,,,,,,
1073,21.46,,,,,,,
1074,21.48,,,,,,,
1075,21.5,,,,,,,
1076,21.52,,,,,,,
1077,21.54,,,,,,,
1078,21.56,,,,,,,
1079,21.58,,,,,,,
1080,21.6,,,,,,,
1081,21.62,,,,,,,
1082,21.64,,,,,,,
1083,21.66,,,,,,,
1084,21.68,,,,,,,
1085,21.7,,,,,,,
1086,21.72,,,,,,,
1087,21.74,,,,,,,
1088,21.76,,,,,,,
1089,21.78,,,,,,,
1090,21.8,,,,,,,
1091,21.82,,,,,,,
1092,21.84,,,,,,,
1093,21.86,,,,,,,
1094,21.88,,,,,,,
1095,21.9,,,,,,,
1096,21.92,,,,,,,
1097,21.94,,,,,,,
1098,21.96,,,,,,,
1099,21.98,,,,,,,
1100,22,,,,,,,
1101,22.02,,,,,,,
1102,22.04,,,,,,,
1103,22.06,,,,,,,
1104,22.08,,,,,,,
1105,22.1,,,,,,,
1106,22.12,,,,,,,
1107,22.14,,,,,,,
1108,22.16,,,,,,,
1109,22.18,,,,,,,
1110,22.2,,,,,,,
1111,22.22,,,,,,,
1112,22.24,,,,,,,
1113,22.26,,,,,,,
1114,22.28,,,,,,,
1115,22.3,,,,,,,
1116,22.32,,,,,,,
1117,22.34,,,,,,,
1118,22.36,,,,,,,
1119,22.38,,,,,,,
1120,22.4,,,,,,,
1121,22.42,,,,,,,
1122,22.44,,,,,,,
1123,22.46,,,,,,,
1124,22.48,,,,,,,
1125,22.5,,,,,,,
1126,22.52,,,,,,,
1127,22.54,P1,,,,,,
1128,22.56,P1,,,,,,
1129,22.58,P1,,,,,,
1130,22.6,P1,,,,,,
1131,22.62,P1,,,,,,
1132,22.64,P1,,,,,,
1133,22.66,P1,,,,,,
1134,22.68,P1,,,,,,
1135,22.7,P1,,,,,,
1136,22.72,P1,,,,,,
1137,22.74,P1,,,,,,
1138,22.76,P1,,,,,,
1139,22.78,P1,,,,,,
1140,22.8,P1,,,,,,
1141,22.82,P1,,,,,,
1142,22.84,P1,,,,,,
1143,22.86,P1,,,,,,
1144,22.88,P1,,,,,,
1145,22.9,P1,,,,,,
1146,22.92,P1,,,,,,
1147,22.94,P1,,,,,,
1148,22.96,P1,,,,,,
1149,22.98,P1,,,,,,
1150,23,P1,,,,,,
1151,23.02,P1,,,,,,
1152,23.04,P1,,,,,,
1153,23.06,P1,,,,,,
1154,23.08,P1,,,,,,
1155,23.1,P1,,,,,,
1156,23.12,P1,M,,,,,
1157,23.14,P1,M,,,,,
1158,23.16,P1,M,,,,,
1159,23.18,P1,M,M,,,,
1160,23.2,P1,M,M,,,,
1161,23.22,P1,M,M,,,,
1162,23.24,P1,M,M,,,,
1163,23.26,P1,M,M,,,,
1164,23.28,P1,M,M,,,,
1165,23.3,P1,M,M,,,,
1166,23.32,P1,M,M,,,,
1167,23.34,P1,M,M,,,,
1168,23.36,P1,M,M,,,,
1169,23.38,P1,M,M,,,,
1170,23.4,P1,M,M,,,,
1171,23.42,P1,M,M,,,,
1172,23.44,P1,M,,,,,
1173,23.46,P1,M,,,,,
1174,23.48,P1,M,,,,,
1175,23.5,P1,M,,,,,
1176,23.52,P1,M,,,,,
1177,23.54,P1,M,,,,,
1178,23.56,P1,M,,,,,
1179,23.58,P1,M,,,,,
1180,23.6,P1,M,,,,,
1181,23.62,P1,M,,,,,
1182,23.64,P1,M,,,,,
1183,23.66,P1,M,,,,,
1184,23.68,P1,M,,,,,
1185,23.7,P1,M,,,,,
1186,23.72,P1,M,,,,,
1187,23.74,P1,M,,,,,
1188,23.76,P1,M,,,,,
1189,23.78,P1,M,M,,,,
1190,23.8,P1,M,M,,,,
1191,23.82,P1,M,M,,,,
1192,23.84,P1,M,M,,,,
1193,23.86,P1,M,M,,,,
1194,23.88,P1,M,M,,,,
1195,23.9,P1,M,M,,,,
1196,23.92,P1,M,M,,,,
1197,23.94,P1,M,M,,,,
1198,23.96,P1,M,M,,,,
1199,23.98,P1,M,M,,,,
1200,24,P1,M,M,,,,
1201,24.02,P1,M,M,,,,
1202,24.04,P1,M,M,,,,
1203,24.06,P1,M,M,,,,
1204,24.08,P1,M,M,,,,
1205,24.1,P1,M,M,,,,
1206,24.12,P1,M,M,,,,
1207,24.14,P1,M,M,,,,
1208,24.16,P1,M,M,,,,
1209,24.18,P1,M,M,,,,
1210,24.2,P1,M,M,,,,
1211,24.22,P1,M,M,,,,
1212,24.24,P1,M,M,,,,
1213,24.26,P1,M,M,,,,
1214,24.28,P1,M,M,,,,
1215,24.3,P1,M,M,,,,
1216,24.32,P1,M,M,,,,
1217,24.34,P1,M,M,,,,
1218,24.36,P1,M,M,,,,
1219,24.38,P1,M,M,,,,
1220,24.4,P1,M,M,,,,
1221,24.42,P1,M,M,,,,
1222,24.44,P1,M,M,,,,
1223,24.46,P1,M,M,,,,
1224,24.48,P1,M,M,,,,
1225,24.5,P1,M,M,,,,
1226,24.52,P1,M,M,,,,
1227,24.54,P1,M,M,,,,
1228,24.56,P1,,M,,,,
1229,24.58,P1,,M,,,,
1230,24.6,P1,,M,,,,
1231,24.62,P1,,M,,,,
1232,24.64,P1,,M,,,,
1233,24.66,P1,,M,,,,
1234,24.68,P1,,M,,,,
1235,24.7,P1,,M,,,,
1236,24.72,P1,,M,,,,
1237,24.74,P1,,M,,,,
1238,24.76,P1,,M,,,,
1239,24.78,P1,,M,,,,
1240,24.8,P1,,M,,,,
1241,24.82,P1,,M,,,,
1242,24.84,P1,,M,,,,
1243,24.86,P1,,M,,,,
1244,24.88,P1,,M,,,,
1245,24.9,P1,,M,,,,
1246,24.92,P1,,M,,,,
1247,24.94,P1,,M,,,,
1248,24.96,P1,,M,,,,
1249,24.98,P1,,M,,,,
1250,25,P1,,M,,,,
1251,25.02,P1,,M,,,,
1252,25.04,P1,,M,,,,
1253,25.06,P1,,M,,,,
1254,25.08,P1,,M,,,,
1255,25.1,,,M,,,,
1256,25.12,,,M,,,,
1257,25.14,,,M,,,,
1258,25.16,,,M,,,,
1259,25.18,,,M,,,,
1260,25.2,,,M,,,,
1261,25.22,,,M,,,,
1262,25.24,,,M,,,,
1263,25.26,,,M,,,,
1264,25.28,P2,,M,,,,
1265,25.3,P2,,M,,,,
1266,25.32,P2,,M,,,,
1267,25.34,P2,,M,,,,
1268,25.36,P2,,M,,,,
1269,25.38,P2,,M,,,,
1270,25.4,P2,,M,,,,
1271,25.42,P2,,M,,,,
1272,25.44,P2,,M,,,,
1273,25.46,P2,,M,,,,
1274,25.48,P2,,M,,,,
1275,25.5,P2,,M,,,,
1276,25.52,P2,,M,,,,
1277,25.54,P2,,M,,,,
1278,25.56,P2,,M,,,,
1279,25.58,P2,,M,,,,
1280,25.6,P2,,M,,,,
1281,25.62,P2,,M,,,,
1282,25.64,P2,,M,,,,
1283,25.66,P2,,M,,,,
1284,25.68,P2,,M,,,,
1285,25.7,P2,,M,,,,
1286,25.72,P2,,M,,,,
1287,25.74,P2,,M,,,,
1288,25.76,P2,,M,,,,
1289,25.78,P2,,M,,,,
1290,25.8,P2,,M,,,,
1291,25.82,P2,,M,,,,
1292,25.84,P2,,M,,,,
1293,25.86,P2,,M,,,,
1294,25.88,P2,,M,,,,
1295,25.9,P2,,M,,,,
1296,25.92,P2,,M,,,,
1297,25.94,P2,,M,,,,
1298,25.96,P2,,M,,,,
1299,25.98,P2,,M,,,,
1300,26,P2,,M,,,,
1301,26.02,P2,,M,,,,
1302,26.04,P2,,M,,,,
1303,26.06,P2,,M,,,,
1304,26.08,P2,,M,,,,
1305,26.1,P2,,M,,,,
1306,26.12,P2,,M,,,,
1307,26.14,P2,,M,,,,
1308,26.16,P2,,M,,,,
1309,26.18,P2,,M,,,,
1310,26.2,P2,,M,,,,
1311,26.22,P2,,M,,,,
1312,26.24,P2,,M,,,,
1313,26.26,P2,,M,,,,
1314,26.28,P2,,M,,,,
1315,26.3,P2,,M,,,,
1316,26.32,P2,,M,,,,
1317,26.34,P2,,M,,,,
1318,26.36,P2,,M,,,,
1319,26.38,P2,,M,,,,
1320,26.4,P2,,M,,,,
1321,26.42,P2,,M,,,,
1322,26.44,P2,,M,,,,
1323,26.46,P2,,M,,,,
1324,26.48,P2,,M,,,,
1325,26.5,P2,,M,,,,
1326,26.52,P2,,M,,,,
1327,26.54,P2,,M,,,,
1328,26.56,P2,,M,,,,
1329,26.58,P2,,M,,,,
1330,26.6,P2,,M,,,,
1331,26.62,P2,,M,,,,
1332,26.64,P2,,M,,,,
1333,26.66,P2,,M,,,,
1334,26.68,P2,,M,,,,
1335,26.7,P2,,M,,,,
1336,26.72,P2,,M,,,,
1337,26.74,P2,,M,,,,
1338,26.76,P2,,M,,,,
1339,26.78,P2,,M,,,,
1340,26.8,P2,,M,,,,
1341,26.82,P2,,M,,,,
1342,26.84,P2,,M,,,,
1343,26.86,P2,,M,,,,
1344,26.88,P2,,M,,,,
1345,26.9,P2,,M,,,,
1346,26.92,P2,,M,,,,
1347,26.94,P2,,M,,,,
1348,26.96,P2,,M,,,,
1349,26.98,,,M,,,,
1350,27,,,M,,,,
1351,27.02,,,M,,,,
1352,27.04,,,M,,,,
1353,27.06,,,M,,,,
1354,27.08,,,M,,,,
1355,27.1,,,M,,,,
1356,27.12,,,M,,,,
1357,27.14,,,M,,,,
1358,27.16,,,M,,,,
1359,27.18,,,M,,,,
1360,27.2,,,M,,,,
1361,27.22,,,M,,,,
1362,27.24,,,M,,,,
1363,27.26,,,M,,,,
1364,27.28,,,M,,,,
1365,27.3,,,M,,,,
1366,27.32,,,M,,,,
1367,27.34,,,M,,,,
1368,27.36,,,M,,,,
1369,27.38,,,M,,,,
1370,27.4,,,M,,,,
1371,27.42,P1,,M,,,,
1372,27.44,P1,,M,,,,
1373,27.46,P1,,M,,,,
1374,27.48,P1,,M,,,,
1375,27.5,P1,,M,,,,
1376,27.52,P1,,M,,,,
1377,27.54,P1,,M,,,,
1378,27.56,P1,,M,,,,
1379,27.58,P1,,M,,,,
1380,27.6,P1,,M,,,,
1381,27.62,P1,,M,,,,
1382,27.64,P1,,M,,,,
1383,27.66,P1,,M,,,,
1384,27.68,P1,,M,,,,
1385,27.7,P1,,M,,,,
1386,27.72,P1,,M,,,,
1387,27.74,P1,,M,,,,
1388,27.76,P1,,M,,,,
1389,27.78,P1,,M,,,,
1390,27.8,P1,,M,,,,
1391,27.82,P1,M,M,,,,
1392,27.84,P1,M,M,,,,
1393,27.86,P1,M,M,,,,
1394,27.88,P1,M,M,,,,
1395,27.9,P1,M,M,,,,
1396,27.92,P1,M,M,,,,
1397,27.94,P1,M,M,,,,
1398,27.96,P1,M,M,,,,
1399,27.98,P1,M,,,,,
1400,28,P1,M,,,,,
1401,28.02,P1,M,,,,,
1402,28.04,P1,M,,,,,
1403,28.06,P1,M,,,,,
1404,28.08,P1,M,,,,,
1405,28.1,P1,M,,,,,
1406,28.12,P1,M,,,,,
1407,28.14,P1,M,,,,,
1408,28.16,P1,,,,,,
1409,28.18,P1,,,,,,
1410,28.2,P1,,,,,,
1411,28.22,P1,,,,,,
1412,28.24,P1,,,,,,
1413,28.26,P1,,,,,,
1414,28.28,P1,,,,,,
1415,28.3,P1,,,,,,
1416,28.32,P1,,,,,,
1417,28.34,P1,,,,,,
1418,28.36,P1,,,,,,
1419,28.38,P1,,,,,,
1420,28.4,P1,,,,,,
1421,28.42,P1,,,,,,
1422,28.44,P1,,,,,,
1423,28.46,P1,,,,,,
1424,28.48,P1,,,,,,
1425,28.5,P1,,,,,,
1426,28.52,P1,,,,,,
1427,28.54,P1,,,,,,
1428,28.56,P1,,,,,,
1429,28.58,P1,,,,,,
1430,28.6,P1,,,,,,
1431,28.62,P1,,,,,,
1432,28.64,P1,,,,,,
1433,28.66,P1,,,,,,
1434,28.68,P1,,,,,,
1435,28.7,P1,,,,,,
1436,28.72,P1,,,,,,
1437,28.74,P1,,,,,,
1438,28.76,P1,,,,,,
1439,28.78,P1,,,,,,
1440,28.8,P1,,,,,,
1441,28.82,P1,,,,,,
1442,28.84,P1,,,,,,
1443,28.86,P1,,,,,,
1444,28.88,P1,,,,,,
1445,28.9,P1,,,,,,
1446,28.92,P1,,,,,,
1447,28.94,P1,,,,,,
1448,28.96,P1,,,,,,
1449,28.98,P1,,,,,,
1450,29,P1,,,,,,
1451,29.02,P1,,,,,,
1452,29.04,P1,,,,,,
1453,29.06,,,,,,,
1454,29.08,,,,,,,
1455,29.1,,,,,,,
1456,29.12,,,,,,,
1457,29.14,,,,,,,
1458,29.16,,,,,,,
1459,29.18,,,,,,,
1460,29.2,,,,,,,
1461,29.22,,,,,,,
1462,29.24,,,,,,,
1463,29.26,,,,,,,
1464,29.28,,,,,,,
1465,29.3,,,,,,,
1466,29.32,,,,,,,
1467,29.34,,,,,,,
1468,29.36,,,,,,,
1469,29.38,,,,,,,
1470,29.4,,,,,,,
1471,29.42,,,,,,,
1472,29.44,,,,,,,
1473,29.46,,,,,,,
1474,29.48,,,,,,,
1475,29.5,,,,,,,
1476,29.52,,,,,,,
1477,29.54,,,,,,,
1478,29.56,,,,,,,
1479,29.58,,,,,,,
1480,29.6,,,,,,,
1481,29.62,,,,,,,
1482,29.64,,,,,,,
1483,29.66,,,,,,,
1484,29.68,,,,,,,
1485,29.7,,,,,,,
1486,29.72,,,,,,,
1487,29.74,,,,,,,
1488,29.76,,,,,,,
1489,29.78,,,,,,,
1490,29.8,,,,,,,
1491,29.82,P2,,,,,,
1492,29.84,P2,,,,,,
1493,29.86,P2,,,,,,
1494,29.88,P2,,,,,,
1495,29.9,P2,,,,,,
1496,29.92,P2,,,,,,
1497,29.94,P2,,,,,,
1498,29.96,P2,,,,,,
1499,29.98,P2,,,,,,
1500,30,P2,,,,,,
1501,30.02,P2,,,,,,
1502,30.04,P2,,,,,,
1503,30.06,P2,,,,,,
1504,30.08,P2,,,,,,
1505,30.1,P2,,,,,,
1506,30.12,P2,,,,,,
1507,30.14,P2,,,,,,
1508,30.16,P2,,,,,,
1509,30.18,P2,,,,,,
1510,30.2,P2,,,,,,
1511,30.22,P2,,,,,,
1512,30.24,P2,,,,,,
1513,30.26,P2,,,,,,
1514,30.28,P2,,,,,,
1515,30.3,P2,,,,,,
1516,30.32,P2,,,,,,
1517,30.34,P2,,,,,,
1518,30.36,P2,,,,,,
1519,30.38,P2,,,,,,
1520,30.4,P2,,,,,,
1521,30.42,P2,,,,,,
1522,30.44,P2,,,,,,
1523,30.46,P2,,,,,,
1524,30.48,P2,,,,,,
1525,30.5,P2,,,,,,
1526,30.52,P2,,,,,,
1527,30.54,P2,,,,,,
1528,30.56,P2,,,,,,
1529,30.58,P2,,,,,,
1530,30.6,P2,,,,,,
1531,30.62,P2,,,,,,
1532,30.64,P2,,,,,,
1533,30.66,P2,,,,,,
1534,30.68,P2,,,,,,
1535,30.7,P2,,,,,,
1536,30.72,P2,,,,,,
1537,30.74,P2,,,,,,
1538,30.76,P2,,,,,,
1539,30.78,P2,,,,,,
1540,30.8,P2,,M,,,,
1541,30.82,P2,,M,,,,
1542,30.84,P2,,M,,,,
1543,30.86,P2,,M,,,,
1544,30.88,P2,,M,,,,
1545,30.9,P2,,M,,,,
1546,30.92,P2,,M,,,,
1547,30.94,P2,,M,,,,
1548,30.96,P2,,M,,,,
1549,30.98,P2,,M,,,,
1550,31,P2,,M,,,,
1551,31.02,P2,,M,,,,
1552,31.04,P2,,M,,,,
1553,31.06,P2,,M,,,,
1554,31.08,P2,,M,,,,
1555,31.1,P2,,M,,,,
1556,31.12,P2,,M,,,,
1557,31.14,P2,,M,,,,
1558,31.16,P2,,M,,,,
1559,31.18,P2,,M,,,,
1560,31.2,P2,,M,,,,
1561,31.22,P2,,M,,,,
1562,31.24,P2,,M,,,,
1563,31.26,P2,,M,,,,
1564,31.28,P2,,M,,,,
1565,31.3,P2,,M,,,,
1566,31.32,P2,,M,,,,
1567,31.34,P2,,M,,,,
1568,31.36,P2,,M,,,,
1569,31.38,P2,,M,,,,
1570,31.4,P2,,M,,,,
1571,31.42,P2,,M,,,,
1572,31.44,P2,,M,,,,
1573,31.46,P2,,M,,,,
1574,31.48,P2,,M,,,,
1575,31.5,P2,,M,,,,
1576,31.52,P2,,M,,,,
1577,31.54,P2,,M,,,,
1578,31.56,P2,,M,,,,
1579,31.58,P2,,M,,,,
1580,31.6,P2,,M,,,,
1581,31.62,P2,,M,,,,
1582,31.64,P2,,M,,,,
1583,31.66,P2,,M,,,,
1584,31.68,P2,,M,,,,
1585,31.7,P2,,M,,,,
1586,31.72,P2,,M,,,,
1587,31.74,P2,,M,,,,
1588,31.76,P2,,M,,,,
1589,31.78,P2,,M,,,,
1590,31.8,P2,,M,,,,
1591,31.82,P2,,M,,,,
1592,31.84,P2,,M,,,,
1593,31.86,P2,,M,,,,
1594,31.88,P2,,M,,,,
1595,31.9,P2,,M,,,,
1596,31.92,P2,,M,,,,
1597,31.94,P2,,M,,,,
1598,31.96,P2,,M,,,,
1599,31.98,P2,,M,,,,
1600,32,P2,,M,,,,
1601,32.02,P2,,M,,,,
1602,32.04,P2,,M,,,,
1603,32.06,P2,,M,,,,
1604,32.08,P2,,M,,,,
1605,32.1,P2,,M,,,,
1606,32.12,P2,,M,,,,
1607,32.14,P2,,M,,,,
1608,32.16,P2,M,M,,,,
1609,32.18,P2,M,M,,,,
1610,32.2,P2,M,M,,,,
1611,32.22,P2,M,M,,,,
1612,32.24,P2,M,M,,,,
1613,32.26,P2,M,M,,,,
1614,32.28,P2,M,M,,,,
1615,32.3,P2,M,M,,,,
1616,32.32,P2,M,M,,,,
1617,32.34,P2,M,M,,,,
1618,32.36,P2,,M,,,,
1619,32.38,P2,,M,,,,
1620,32.4,P2,,M,,,,
1621,32.42,P2,,M,,,,
1622,32.44,P2,,M,,,,
1623,32.46,P2,,M,,,,
1624,32.48,P2,,M,,,,
1625,32.5,P2,,M,,,,
1626,32.52,P2,,M,,,,
1627,32.54,P2,,M,,,,
1628,32.56,P2,,M,,,,
1629,32.58,P2,,M,,,,
1630,32.6,P2,,M,,,,
1631,32.62,P2,,M,,,,
1632,32.64,P2,,M,,,,
1633,32.66,P2,,M,,,,
1634,32.68,P2,,M,,,,
1635,32.7,P2,,M,,,,
1636,32.72,P2,,M,,,,
1637,32.74,P2,M,M,,,,
1638,32.76,P2,M,M,,,,
1639,32.78,P2,M,M,,,,
1640,32.8,P2,M,M,,,,
1641,32.82,P2,M,M,,,,
1642,32.84,P2,M,M,,,,
1643,32.86,P2,M,M,,,,
1644,32.88,P2,M,M,,,,
1645,32.9,P2,M,M,,,,
1646,32.92,P2,M,M,,,,
1647,32.94,P2,M,M,,,,
1648,32.96,P2,M,M,,,,
1649,32.98,P2,M,M,,,,
1650,33,P2,M,M,,,,
1651,33.02,P2,,M,,,,
1652,33.04,P2,,M,,,,
1653,33.06,P2,,M,,,,
1654,33.08,P2,,M,,,,
1655,33.1,P2,,M,,,,
1656,33.12,P2,,M,,,,
1657,33.14,P2,,M,,,,
1658,33.16,P2,,M,,,,
1659,33.18,P2,,M,,,,
1660,33.2,P2,,M,,,,
1661,33.22,P2,,M,,,,
1662,33.24,P2,,M,,,,
1663,33.26,P2,,M,,,,
1664,33.28,,,M,,,,
1665,33.3,,,M,,,,
1666,33.32,,,M,,,,
1667,33.34,,,M,,,,
1668,33.36,,,M,,,,
1669,33.38,,,M,,,,
1670,33.4,,,M,,,,
1671,33.42,,,M,,,,
1672,33.44,,,M,,,,
1673,33.46,,,M,,,,
1674,33.48,,,M,,,,
1675,33.5,,,M,,,,
1676,33.52,,,M,,,,
1677,33.54,,,M,,,,
1678,33.56,,,M,,,,
1679,33.58,,,M,,,,
1680,33.6,,,M,,,,
1681,33.62,,,M,,,,
1682,33.64,,,,,,,
1683,33.66,,,,,,,
1684,33.68,,,,,,,
1685,33.7,,,,,,,
1686,33.72,,,,,,,
1687,33.74,,,,,,,
1688,33.76,,,,,,,
1689,33.78,,,,,,,
1690,33.8,,,,,,,
1691,33.82,,,,,,,
1692,33.84,,,,,,,
1693,33.86,,,,,,,
1694,33.88,,,,,,,
1695,33.9,,,,,,,
1696,33.92,,,,,,,
1697,33.94,,,M,,,,
1698,33.96,,,M,,,,
1699,33.98,,,M,,,,
1700,34,,,M,,,,
1701,34.02,,,M,,,,
1702,34.04,,,M,,,,
1703,34.06,,,M,,,,
1704,34.08,,,M,,,,
1705,34.1,,,M,,,,
1706,34.12,,,M,,,,
1707,34.14,,,M,,,,
1708,34.16,,,M,,,,
1709,34.18,,,M,,,,
1710,34.2,,,M,,,,
1711,34.22,,,M,,,,
1712,34.24,,,M,,,,
1713,34.26,,,M,,,,
1714,34.28,,,M,,,,
1715,34.3,,,M,,,,
1716,34.32,,,M,,,,
1717,34.34,P2,,M,,,,
1718,34.36,P2,,M,,,,
1719,34.38,P2,,M,,,,
1720,34.4,P2,,M,,,,
1721,34.42,P2,,M,,,,
1722,34.44,P2,,M,,,,
1723,34.46,P2,,M,,,,
1724,34.48,P2,,M,,,,
1725,34.5,P2,,,,,,
1726,34.52,P2,,,,,,
1727,34.54,P2,,,,,,
1728,34.56,P2,,,,,,
1729,34.58,P2,,,,,,
1730,34.6,P2,,,,,,
1731,34.62,P2,,,,,,
1732,34.64,P2,,,,,,
1733,34.66,P2,,,,,,
1734,34.68,P2,,,,,,
1735,34.7,P2,,,,,,
1736,34.72,P2,,,,,,
1737,34.74,P2,,,,,,
1738,34.76,P2,,,,,,
1739,34.78,P2,,,,,,
1740,34.8,P2,,,,,,
1741,34.82,P2,,,,,,
1742,34.84,P2,,,,,,
1743,34.86,P2,,,,,,
1744,34.88,P2,,,,,,
1745,34.9,P2,,,,,,
1746,34.92,P2,,,,,,
1747,34.94,P2,,,,,,
1748,34.96,P2,,,,,,
1749,34.98,P2,,,,,,
1750,35,P2,,,,,,
1751,35.02,P2,,,,,,
1752,35.04,P2,,,,,,
1753,35.06,P2,,,,,,
1754,35.08,P2,,,,,,
1755,35.1,P2,,,,,,
1756,35.12,P2,,,,,,
1757,35.14,P2,,,,,,
1758,35.16,P2,,,,,,
1759,35.18,P2,,,,,,
1760,35.2,P2,,,,,,
1761,35.22,P2,,,,,,
1762,35.24,P2,,,,,,
1763,35.26,P2,,,,,,
1764,35.28,P2,,,,,,
1765,35.3,P2,,,,,,
1766,35.32,P2,,,,,,
1767,35.34,P2,,,,,,
1768,35.36,P2,,,,,,
1769,35.38,P2,,,,,,
1770,35.4,P2,,,,,,
1771,35.42,P2,,,,,,
1772,35.44,P2,,,,,,
1773,35.46,P2,,,,,,
1774,35.48,P2,,,,,,
1775,35.5,P2,,,,,,
1776,35.52,P2,,,,,,
1777,35.54,P2,,,,,,
1778,35.56,P2,,,,,,
1779,35.58,P2,,,,,,
1780,35.6,P2,,,,,,
1781,35.62,P2,,,,,,
1782,35.64,P2,,,,,,
1783,35.66,P2,,,,,,
1784,35.68,P2,,,,,,
1785,35.7,P2,,,,,,
1786,35.72,P2,,,,,,
1787,35.74,P2,,,,,,
1788,35.76,P2,,,,,,
1789,35.78,P2,,,,,,
1790,35.8,P2,,,,,,
1791,35.82,P2,,,,,,
1792,35.84,P2,,,,,,
1793,35.86,P2,,,,,,
1794,35.88,P2,,,,,,
1795,35.9,P2,,,,,,
1796,35.92,P2,,,,,,
1797,35.94,P2,,,,,,
1798,35.96,P2,,,,,,
1799,35.98,P2,,,,,,
1800,36,P2,,,,,,
1801,36.02,P2,O5,,,,,
1802,36.04,P2,O5,,,,,
1803,36.06,P2,O5,,,,,
1804,36.08,P2,O5,,,,,
1805,36.1,P2,O5,,,,,
1806,36.12,P2,O5,,,,,
1807,36.14,P2,O5,,,,,
1808,36.16,P2,O5,,,,,
1809,36.18,P2,O5,,,,,
1810,36.2,,O5,,,,,
1811,36.22,,O5,,,,,
1812,36.24,,O5,,,,,
1813,36.26,,O5,,,,,
1814,36.28,,O5,O2,,,,
1815,36.3,,O5,O2,,,,
1816,36.32,,O5,O2,,,,
1817,36.34,,O5,O2,,,,
1818,36.36,,O5,O2,,,,
1819,36.38,,O5,O2,,,,
1820,36.4,,O5,O2,,,,
1821,36.42,,O5,O2,,,,
1822,36.44,,O5,O2,,,,
1823,36.46,,O5,O2,,,,
1824,36.48,,O5,O2,,,,
1825,36.5,,O5,O2,,,,
1826,36.52,,O5,O2,,,,
1827,36.54,,O5,O2,,,,
1828,36.56,,O5,O2,,,,
1829,36.58,,O5,O2,,,,
1830,36.6,,O5,O2,,,,
1831,36.62,,O5,O2,,,,
1832,36.64,,O5,O2,,,,
1833,36.66,,O5,O2,,,,
1834,36.68,,O5,O2,,,,
1835,36.7,,O5,O2,,,,
1836,36.72,,O5,O2,,,,
1837,36.74,,O5,,,,,
1838,36.76,,O5,,,,,
1839,36.78,,,,,,,
1840,36.8,,,,,,,
1841,36.82,,,,,,,
1842,36.84,,,,,,,
1843,36.86,,,,,,,
1844,36.88,,,,,,,
1845,36.9,,O6,O7,,,,
1846,36.92,,,O7,,,,
1847,36.94,,,O7,,,,
1848,36.96,,,O7,,,,
1849,36.98,,,O7,,,,
1850,37,,,O7,,,,
1851,37.02,,O7,O7,,,,
1852,37.04,,O7,O7,,,,
1853,37.06,,O7,O7,,,,
1854,37.08,,O7,O7,,,,
1855,37.1,,O7,O7,,,,
1856,37.12,,O7,O7,,,,
1857,37.14,,,O7,,,,
1858,37.16,,,O7,,,,
1859,37.18,,,O7,,,,
1860,37.2,,,O7,,,,
1861,37.22,,,,,,,
1862,37.24,,,,,,,
1863,37.26,,,O2,,,,
1864,37.28,,,O2,,,,
1865,37.3,,,O2,,,,
1866,37.32,,,O2,,,,
1867,37.34,,,O2,,,,
1868,37.36,,,O2,,,,
1869,37.38,,,O2,,,,
1870,37.4,,,O2,,,,
1871,37.42,,,O2,,,,
1872,37.44,,,O2,,,,
1873,37.46,,,O2,,,,
1874,37.48,,,O2,,,,
1875,37.5,,,O2,,,,
1876,37.52,,,O2,,,,
1877,37.54,,,O2,,,,
1878,37.56,,,O2,,,,
1879,37.58,,,O2,,,,
1880,37.6,,,O2,,,,
1881,37.62,,,O2,,,,
1882,37.64,,,O2,,,,
1883,37.66,,,O2,,,,
1884,37.68,,,O2,,,,
1885,37.7,,,O2,,,,
1886,37.72,,,O2,,,,
1887,37.74,,,O2,,,,
1888,37.76,,,O2,,,,
1889,37.78,,,O2,,,,
1890,37.8,,,O2,,,,
1891,37.82,,,O2,,,,
1892,37.84,,,O2,,,,
1893,37.86,,,O2,,,,
1894,37.88,,,O2,,,,
1895,37.9,,,O2,,,,
1896,37.92,,,O2,,,,
1897,37.94,,,O2,,,,
1898,37.96,,,O2,,,,
1899,37.98,,,O2,,,,
1900,38,,,,,,,
1901,38.02,,,,,,,
1902,38.04,,,,,,,
1903,38.06,,,,,,,
1904,38.08,,,,,,,
1905,38.1,,,,,,,
1906,38.12,,,,,,,
1907,38.14,,,,,,,
1908,38.16,,,,,,,
1909,38.18,,,,,,,
1910,38.2,,,,,,,
1911,38.22,,,,,,,
1912,38.24,,,,,,,
1913,38.26,,,,,,,
1914,38.28,,,,,,,
1915,38.3,,,,,,,
1916,38.32,,,,,,,
1917,38.34,,,,,,,
1918,38.36,,,,,,,
1919,38.38,,,,,,,
1920,38.4,,,,,,,
1921,38.42,,,,,,,
1922,38.44,,,,,,,
1923,38.46,,,,,,,
1924,38.48,,,,,,,
1925,38.5,,,,,,,
1926,38.52,,,,,,,
1927,38.54,,,,,,,
1928,38.56,,,,,,,
1929,38.58,,,,,,,
1930,38.6,,,,,,,
1931,38.62,,,,,,,
1932,38.64,,,,,,,
1933,38.66,,,,,,,
1934,38.68,,,,,,,
1935,38.7,,,,,,,
1936,38.72,,,,,,,
1937,38.74,,,,,,,
1938,38.76,,,,,,,
1939,38.78,,,,,,,
1940,38.8,,,,,,,
1941,38.82,,,,,,,
1942,38.84,,,,,,,
1943,38.86,,,,,,,
1944,38.88,,,,,,,
1945,38.9,,,,,,,
1946,38.92,,,,,,,
1947,38.94,,,,,,,
1948,38.96,,,,,,,
1949,38.98,,,,,,,
1950,39,,,,,,,
1951,39.02,,,,,,,
1952,39.04,,,,,,,
1953,39.06,,,,,,,
1954,39.08,,,,,,,
1955,39.1,,,,,,,
1956,39.12,,,,,,,
1957,39.14,,,,,,,
1958,39.16,,,,,,,
1959,39.18,,,,,,,
1960,39.2,,,,,,,
1961,39.22,,,,,,,
1962,39.24,,,,,,,
1963,39.26,,,,,,,
1964,39.28,,,,,,,
1965,39.3,,,,,,,
1966,39.32,,,,,,,
1967,39.34,,,,,,,
1968,39.36,,,,,,,
1969,39.38,,,,,,,
1970,39.4,O6,,,,,,
1971,39.42,O6,,,,,,
1972,39.44,O6,,,,,,
1973,39.46,O6,,,,,,
1974,39.48,O6,,,,,,
1975,39.5,O6,,,,,,
1976,39.52,O6,,,,,,
1977,39.54,O6,,,,,,
1978,39.56,O6,,,,,,
1979,39.58,O6,,,,,,
1980,39.6,O6,,,,,,
1981,39.62,O6,,,,,,
1982,39.64,O6,,,,,,
1983,39.66,O6,,,,,,
1984,39.68,O6,,,,,,
1985,39.7,O6,,,,,,
1986,39.72,O6,,,,,,
1987,39.74,O6,,,,,,
1988,39.76,O6,,,,,,
1989,39.78,O6,,,,,,
1990,39.8,O6,,,,,,
1991,39.82,O6,,,,,,
1992,39.84,O6,,,,,,
1993,39.86,O6,,,,,,
1994,39.88,O6,,,,,,
1995,39.9,O6,,,,,,
1996,39.92,O6,,,,,,
1997,39.94,O6,,,,,,
1998,39.96,,,,,,,
1999,39.98,,,,,,,
2000,40,,,,,,,
2001,40.02,,,,,,,
2002,40.04,,,,,,,
2003,40.06,,,,,,,
2004,40.08,,,,,,,
2005,40.1,,,,,,,
2006,40.12,,,,,,,
2007,40.14,,,,,,,
2008,40.16,,,,,,,
2009,40.18,,,,,,,
2010,40.2,,,,,,,
2011,40.22,,,,,,,
2012,40.24,,,,,,,
2013,40.26,O6,,,,,,
2014,40.28,O6,,,,,,
2015,40.3,O6,,,,,,
2016,40.32,O6,,,,,,
2017,40.34,O6,,,,,,
2018,40.36,O6,,,,,,
2019,40.38,O6,,,,,,
2020,40.4,O6,,,,,,
2021,40.42,O6,,,,,,
2022,40.44,O6,,,,,,
2023,40.46,O6,,,,,,
2024,40.48,O6,,,,,,
2025,40.5,O6,,,,,,
2026,40.52,O6,,,,,,
2027,40.54,O6,,,,,,
2028,40.56,O6,,,,,,
2029,40.58,O6,,,,,,
2030,40.6,O6,,,,,,
2031,40.62,O6,,,,,,
2032,40.64,O6,,,,,,
2033,40.66,O6,,,,,,
2034,40.68,,,,,,,
2035,40.7,,,,,,,
2036,40.72,,,,,,,
2037,40.74,,,,,,,
2038,40.76,,,,,,,
2039,40.78,,,,,,,
2040,40.8,,,,,,,
2041,40.82,,,,,,,
2042,40.84,,,,,,,
2043,40.86,,,,,,,
2044,40.88,,,,,,,
2045,40.9,O6,,,,,,
2046,40.92,O6,,,,,,
2047,40.94,O6,,,,,,
2048,40.96,O6,,,,,,
2049,40.98,O6,,,,,,
2050,41,O6,,,,,,
2051,41.02,O6,,,,,,
2052,41.04,O6,,,,,,
2053,41.06,O6,,,,,,
2054,41.08,O6,,,,,,
2055,41.1,O6,,,,,,
2056,41.12,O6,,,,,,
2057,41.14,O6,,,,,,
2058,41.16,O6,,,,,,
2059,41.18,O6,,,,,,
2060,41.2,O6,,,,,,
2061,41.22,O6,,,,,,
2062,41.24,O6,,,,,,
2063,41.26,O6,,,,,,
2064,41.28,O6,,,,,,
2065,41.3,O6,,,,,,
2066,41.32,O6,,,,,,
2067,41.34,O6,,,,,,
2068,41.36,O6,,,,,,
2069,41.38,O6,,,,,,
2070,41.4,O6,,,,,,
2071,41.42,O6,,,,,,
2072,41.44,O6,,,,,,
2073,41.46,O6,,,,,,
2074,41.48,O6,,,,,,
2075,41.5,O6,,,,,,
2076,41.52,O6,,,,,,
2077,41.54,O6,,,,,,
2078,41.56,O6,,,,,,
2079,41.58,O6,,,,,,
2080,41.6,O6,,,,,,
2081,41.62,O6,,,,,,
2082,41.64,O6,,,,,,
2083,41.66,O6,,,,,,
2084,41.68,O6,,,,,,
2085,41.7,O6,,,,,,
2086,41.72,O6,,,,,,
2087,41.74,O6,,,,,,
2088,41.76,O6,,,,,,
2089,41.78,O6,,,,,,
2090,41.8,O6,,,,,,
2091,41.82,O6,,,,,,
2092,41.84,O6,,,,,,
2093,41.86,O6,,,,,,
2094,41.88,O6,,,,,,
2095,41.9,O6,,,,,,
2096,41.92,O6,,,,,,
2097,41.94,O6,,,,,,
2098,41.96,O6,,,,,,
2099,41.98,O6,,,,,,
2100,42,O6,,,,,,
2101,42.02,O6,,,,,,
2102,42.04,O6,,,,,,
2103,42.06,O6,,,,,,
2104,42.08,O6,,,,,,
2105,42.1,O6,,,,,,
2106,42.12,O6,,,,,,
2107,42.14,O6,,,,,,
2108,42.16,O6,,,,,,
2109,42.18,O6,,,,,,
2110,42.2,O6,,,,,,
2111,42.22,O6,,,,,,
2112,42.24,O6,,,,,,
2113,42.26,O6,,,,,,
2114,42.28,O6,,,,,,
2115,42.3,O6,,,,,,
2116,42.32,O6,,,,,,
2117,42.34,O6,,,,,,
2118,42.36,O6,,,,,,
2119,42.38,O6,,,,,,
2120,42.4,O6,,,,,,
2121,42.42,O6,,,,,,
2122,42.44,O6,,,,,,
2123,42.46,O6,,,,,,
2124,42.48,O6,,,,,,
2125,42.5,O6,,,,,,
2126,42.52,O6,,,,,,
2127,42.54,O6,,,,,,
2128,42.56,O6,,,,,,
2129,42.58,O6,,,,,,
2130,42.6,O6,,,,,,
2131,42.62,O6,,,,,,
2132,42.64,O6,,,,,,
2133,42.66,O6,,,,,,
2134,42.68,O6,,,,,,
2135,42.7,O6,,,,,,
2136,42.72,O6,,,,,,
2137,42.74,O6,,,,,,
2138,42.76,O6,,,,,,
2139,42.78,O6,,,,,,
2140,42.8,O6,,,,,,
2141,42.82,O6,,,,,,
2142,42.84,O6,,,,,,
2143,42.86,O6,,,,,,
2144,42.88,,,,,,,
2145,42.9,,,,,,,
2146,42.92,,,,,,,
2147,42.94,,,,,,,
2148,42.96,,,,,,,
2149,42.98,,,,,,,
2150,43,,,,,,,
2151,43.02,,,,,,,
2152,43.04,,,,,,,
2153,43.06,,,,,,,
2154,43.08,,,,,,,
2155,43.1,,,,,,,
2156,43.12,,,,,,,
2157,43.14,,,,,,,
2158,43.16,,,,,,,
2159,43.18,,,,,,,
2160,43.2,,,,,,,
2161,43.22,,,,,,,
2162,43.24,,,,,,,
2163,43.26,,,,,,,
2164,43.28,,,,,,,
2165,43.3,,,,,,,
2166,43.32,,,,,,,
2167,43.34,,,,,,,
2168,43.36,,,,,,,
2169,43.38,,,,,,,
2170,43.4,,,,,,,
2171,43.42,O6,,,,,,
2172,43.44,O6,,,,,,
2173,43.46,O6,,,,,,
2174,43.48,O6,,,,,,
2175,43.5,O6,,,,,,
2176,43.52,O6,,,,,,
2177,43.54,O6,,,,,,
2178,43.56,O6,,,,,,
2179,43.58,O6,,,,,,
2180,43.6,O6,,,,,,
2181,43.62,O6,,,,,,
2182,43.64,O6,,,,,,
2183,43.66,O6,,,,,,
2184,43.68,O6,,,,,,
2185,43.7,O6,,,,,,
2186,43.72,O6,,,,,,
2187,43.74,O6,,,,,,
2188,43.76,O6,,,,,,
2189,43.78,O6,,,,,,
2190,43.8,O6,,,,,,
2191,43.82,O6,,,,,,
2192,43.84,O6,,,,,,
2193,43.86,O6,,,,,,
2194,43.88,O6,,,,,,
2195,43.9,O6,,,,,,
2196,43.92,O6,,,,,,
2197,43.94,O6,,,,,,
2198,43.96,O6,,,,,,
2199,43.98,O6,,,,,,
2200,44,O6,,,,,,
2201,44.02,O6,,,,,,
2202,44.04,O6,,,,,,
2203,44.06,O6,,,,,,
2204,44.08,O6,,,,,,
2205,44.1,O6,,,,,,
2206,44.12,O6,,,,,,
2207,44.14,O6,,,,,,
2208,44.16,O6,,,,,,
2209,44.18,O6,,,,,,
2210,44.2,O6,O4,,,,,
2211,44.22,O6,O4,,,,,
2212,44.24,O6,O4,,,,,
2213,44.26,O6,O4,,,,,
2214,44.28,O6,O4,,,,,
2215,44.3,O6,O4,,,,,
2216,44.32,O6,O4,,,,,
2217,44.34,O6,O4,,,,,
2218,44.36,O6,O4,,,,,
2219,44.38,O6,O4,,,,,
2220,44.4,O6,O4,,,,,
2221,44.42,O6,O4,,,,,
2222,44.44,O6,O4,,,,,
2223,44.46,O6,O4,,,,,
2224,44.48,O6,O4,,,,,
2225,44.5,O6,O4,,,,,
2226,44.52,O6,O4,,,,,
2227,44.54,O6,O4,,,,,
2228,44.56,O6,,,,,,
2229,44.58,O6,,,,,,
2230,44.6,O6,,,,,,
2231,44.62,O6,,,,,,
2232,44.64,O6,,,,,,
2233,44.66,O6,,,,,,
2234,44.68,O6,,,,,,
2235,44.7,O6,,,,,,
2236,44.72,O6,,,,,,
2237,44.74,O6,,,,,,
2238,44.76,O6,,,,,,
2239,44.78,O6,,,,,,
2240,44.8,O6,,,,,,
2241,44.82,O6,,,,,,
2242,44.84,O6,,,,,,
2243,44.86,O6,,,,,,
2244,44.88,O6,,,,,,
2245,44.9,O6,,,,,,
2246,44.92,O6,,,,,,
2247,44.94,O6,,,,,,
2248,44.96,O6,,,,,,
2249,44.98,O6,,,,,,
2250,45,O6,,,,,,
2251,45.02,O6,,,,,,
2252,45.04,O6,,,,,,
2253,45.06,O6,,,,,,
2254,45.08,O6,,,,,,
2255,45.1,O6,,,,,,
2256,45.12,O6,,,,,,
2257,45.14,O6,,,,,,
2258,45.16,,,,,,,
2259,45.18,,,,,,,
2260,45.2,,,,,,,
2261,45.22,,,,,,,
2262,45.24,,,,,,,
2263,45.26,,,,,,,
2264,45.28,,,,,,,
2265,45.3,,,,,,,
2266,45.32,,,,,,,
2267,45.34,,,,,,,
2268,45.36,,,,,,,
2269,45.38,,,,,,,
2270,45.4,,,,,,,
2271,45.42,,,,,,,
2272,45.44,,,,,,,
2273,45.46,,,,,,,
2274,45.48,,,,,,,
2275,45.5,,,,,,,
2276,45.52,O6,,,,,,
2277,45.54,O6,,,,,,
2278,45.56,O6,,,,,,
2279,45.58,O6,,O6,,,,
2280,45.6,O6,,O6,,,,
2281,45.62,O6,,O6,,,,
2282,45.64,O6,,O6,,,,
2283,45.66,O6,,O6,,,,
2284,45.68,O6,,O6,,,,
2285,45.7,O6,,O6,,,,
2286,45.72,O6,,O6,,,,
2287,45.74,O6,,O6,,,,
2288,45.76,O6,,O6,,,,
2289,45.78,O6,,O6,,,,
2290,45.8,O6,,O6,,,,
2291,45.82,O6,,O6,,,,
2292,45.84,O6,,O6,,,,
2293,45.86,O6,,O6,,,,
2294,45.88,O6,,O6,,,,
2295,45.9,O6,,O6,,,,
2296,45.92,O6,,O6,,,,
2297,45.94,O6,,O6,,,,
2298,45.96,O6,,O6,,,,
2299,45.98,O6,,O6,,,,
2300,46,O6,,O6,,,,
2301,46.02,,,O6,,,,
2302,46.04,,,O6,,,,
2303,46.06,,,O6,,,,
2304,46.08,,,O6,,,,
2305,46.1,,,O6,,,,
2306,46.12,,,O6,,,,
2307,46.14,,O3,O6,,,,
2308,46.16,,O3,O6,,,,
2309,46.18,,O3,O6,,,,
2310,46.2,,O3,O6,,,,
2311,46.22,,O3,O6,,,,
2312,46.24,,O3,O6,,,,
2313,46.26,,O3,O6,,,,
2314,46.28,,O3,O6,,,,
2315,46.3,,O3,O6,,,,
2316,46.32,,O3,O6,,,,
2317,46.34,,O3,O6,,,,
2318,46.36,,O3,O6,,,,
2319,46.38,,O3,O6,,,,
2320,46.4,,O3,O6,,,,
2321,46.42,,O3,O6,,,,
2322,46.44,,,O6,,,,
2323,46.46,,,O6,,,,
2324,46.48,,,O6,,,,
2325,46.5,,,O6,,,,
2326,46.52,,,O6,,,,
2327,46.54,,,O6,,,,
2328,46.56,,,O6,,,,
2329,46.58,,,O6,,,,
2330,46.6,,,O6,,,,
2331,46.62,,,O6,,,,
2332,46.64,,,O6,,,,
2333,46.66,,,O6,,,,
2334,46.68,,,O6,,,,
2335,46.7,,,O6,,,,
2336,46.72,,,O6,,,,
2337,46.74,,,O6,,,,
2338,46.76,,,O6,,,,
2339,46.78,,,O6,,,,
2340,46.8,,,O6,,,,
2341,46.82,,,O6,,,,
2342,46.84,,,O6,,,,
2343,46.86,,,O6,,,,
2344,46.88,,,O6,,,,
2345,46.9,,,O6,,,,
2346,46.92,,,O6,,,,
2347,46.94,,,O6,,,,
2348,46.96,,,O6,,,,
2349,46.98,,,O6,,,,
2350,47,,,O6,,,,
2351,47.02,,,O6,,,,
2352,47.04,,,O6,,,,
2353,47.06,,,O6,,,,
2354,47.08,,,O6,,,,
2355,47.1,,,O6,,,,
2356,47.12,,,O6,,,,
2357,47.14,,,O6,,,,
2358,47.16,,,,,,,
2359,47.18,,,,,,,
2360,47.2,,,,,,,
2361,47.22,,,,,,,
2362,47.24,,,,,,,
2363,47.26,,,,,,,
2364,47.28,,,,,,,
2365,47.3,O6,,,,,,
2366,47.32,O6,,,,,,
2367,47.34,O6,,,,,,
2368,47.36,O6,,,,,,
2369,47.38,O6,,,,,,
2370,47.4,O6,,,,,,
2371,47.42,O6,,,,,,
2372,47.44,O6,,,,,,
2373,47.46,O6,,,,,,
2374,47.48,O6,,,,,,
2375,47.5,O6,,,,,,
2376,47.52,O6,,,,,,
2377,47.54,O6,,,,,,
2378,47.56,O6,,,,,,
2379,47.58,O6,,,,,,
2380,47.6,O6,,,,,,
2381,47.62,O6,,,,,,
2382,47.64,O6,,,,,,
2383,47.66,O6,,,,,,
2384,47.68,O6,,,,,,
2385,47.7,O6,,,,,,
2386,47.72,O6,,,,,,
2387,47.74,O6,,,,,,
2388,47.76,O6,,,,,,
2389,47.78,O6,,,,,,
2390,47.8,O6,,,,,,
2391,47.82,O6,,,,,,
2392,47.84,O6,,,,,,
2393,47.86,O6,,,,,,
2394,47.88,O6,,,,,,
2395,47.9,O6,,O6,,,,
2396,47.92,O6,,O6,,,,
2397,47.94,O6,,O6,,,,
2398,47.96,O6,,O6,,,,
2399,47.98,O6,,O6,,,,
2400,48,O6,,O6,,,,
2401,48.02,O6,,O6,,,,
2402,48.04,O6,,O6,,,,
2403,48.06,O6,,O6,,,,
2404,48.08,O6,,O6,,,,
2405,48.1,O6,,O6,,,,
2406,48.12,O6,,O6,,,,
2407,48.14,O6,,O6,,,,
2408,48.16,O6,,O6,,,,
2409,48.18,O6,,O6,,,,
2410,48.2,O6,,O6,,,,
2411,48.22,O6,,O6,,,,
2412,48.24,O6,,O6,,,,
2413,48.26,O6,,O6,,,,
2414,48.28,O6,,O6,,,,
2415,48.3,O6,,O6,,,,
2416,48.32,O6,,O6,,,,
2417,48.34,O6,,O6,,,,
2418,48.36,O6,,O6,,,,
2419,48.38,O6,,O6,,,,
2420,48.4,O6,,O6,,,,
2421,48.42,O6,,O6,,,,
2422,48.44,O6,,O6,,,,
2423,48.46,O6,,O6,,,,
2424,48.48,O6,,O6,,,,
2425,48.5,O6,,O6,,,,
2426,48.52,O6,,O6,,,,
2427,48.54,O6,,O6,,,,
2428,48.56,O6,,O6,,,,
2429,48.58,O6,,O6,,,,
2430,48.6,O6,,O6,,,,
2431,48.62,O6,,O6,,,,
2432,48.64,O6,,O6,,,,
2433,48.66,O6,,O6,,,,
2434,48.68,O6,,O6,,,,
2435,48.7,O6,,O6,,,,
2436,48.72,O6,,O6,,,,
2437,48.74,O6,,O6,,,,
2438,48.76,O6,,O6,,,,
2439,48.78,O6,,O6,,,,
2440,48.8,O6,,O6,,,,
2441,48.82,O6,,O6,,,,
2442,48.84,O6,,O6,,,,
2443,48.86,O6,,O6,,,,
2444,48.88,O6,,O6,,,,
2445,48.9,O6,,O6,,,,
2446,48.92,O6,,O6,,,,
2447,48.94,O6,,O6,,,,
2448,48.96,O6,O3,O6,,,,
2449,48.98,O6,O3,O6,,,,
2450,49,O6,O3,O6,,,,
2451,49.02,O6,O3,O6,,,,
2452,49.04,O6,O3,O6,,,,
2453,49.06,O6,O3,O6,,,,
2454,49.08,O6,O3,O6,,,,
2455,49.1,O6,O3,O6,,,,
2456,49.12,O6,O3,O6,,,,
2457,49.14,O6,O3,O6,,,,
2458,49.16,O6,O3,O6,,,,
2459,49.18,O6,O3,O6,,,,
2460,49.2,O6,O3,O6,,,,
2461,49.22,O6,O3,O6,,,,
2462,49.24,O6,O3,O6,,,,
2463,49.26,O6,O3,O6,,,,
2464,49.28,O6,O3,O6,,,,
2465,49.3,O6,O3,O6,,,,
2466,49.32,O6,O3,,,,,
2467,49.34,O6,O3,,,,,
2468,49.36,O6,O3,,,,,
2469,49.38,O6,O3,,,,,
2470,49.4,O6,O3,,,,,
2471,49.42,O6,O3,,,,,
2472,49.44,O6,O3,,,,,
2473,49.46,O6,,,,,,
2474,49.48,O6,,,,,,
2475,49.5,O6,,,,,,
2476,49.52,O6,,,,,,
2477,49.54,O6,,,,,,
2478,49.56,O6,,,,,,
2479,49.58,O6,,,,,,
2480,49.6,O6,,,,,,
2481,49.62,O6,,,,,,
2482,49.64,O6,,,,,,
2483,49.66,O6,,,,,,
2484,49.68,O6,,,,,,
2485,49.7,O6,,,,,,
2486,49.72,O6,,,,,,
2487,49.74,O6,,,,,,
2488,49.76,O6,,,,,,
2489,49.78,O6,,,,,,
2490,49.8,O6,,,,,,
2491,49.82,O6,,,,,,
2492,49.84,O6,,,,,,
2493,49.86,O6,,,,,,
2494,49.88,O6,,,,,,
2495,49.9,O6,,,,,,
2496,49.92,O6,,,,,,
2497,49.94,O6,,,,,,
2498,49.96,O6,,,,,,
2499,49.98,O6,,,,,,
2500,50,O6,,,,,,
2501,50.02,O6,,,,,,
2502,50.04,O6,O6,,,,,
2503,50.06,O6,O6,,,,,
2504,50.08,O6,O6,,,,,
2505,50.1,O6,O6,,,,,
2506,50.12,O6,O6,,,,,
2507,50.14,O6,O6,,,,,
2508,50.16,O6,O6,,,,,
2509,50.18,O6,O6,,,,,
2510,50.2,O6,O6,,,,,
2511,50.22,O6,O6,,,,,
2512,50.24,O6,O6,,,,,
2513,50.26,O6,O6,,,,,
2514,50.28,O6,O6,,,,,
2515,50.3,O6,O6,,,,,
2516,50.32,O6,O6,,,,,
2517,50.34,O6,O6,,,,,
2518,50.36,O6,O6,,,,,
2519,50.38,O6,O6,,,,,
2520,50.4,O6,O6,,,,,
2521,50.42,O6,O6,,,,,
2522,50.44,O6,O6,,,,,
2523,50.46,O6,O6,,,,,
2524,50.48,O6,O6,,,,,
2525,50.5,O6,O6,,,,,
2526,50.52,O6,O6,,,,,
2527,50.54,O6,O6,,,,,
2528,50.56,O6,O6,,,,,
2529,50.58,O6,O6,,,,,
2530,50.6,O6,,,,,,
2531,50.62,O6,,,,,,
2532,50.64,O6,,,,,,
2533,50.66,O6,,,,,,
2534,50.68,O6,,,,,,
2535,50.7,O6,,,,,,
2536,50.72,O6,,,,,,
2537,50.74,O6,,,,,,
2538,50.76,O6,,,,,,
2539,50.78,O6,,,,,,
2540,50.8,O6,,,,,,
2541,50.82,O6,,,,,,
2542,50.84,O6,,,,,,
2543,50.86,O6,,,,,,
2544,50.88,O6,,,,,,
2545,50.9,O6,,,,,,
2546,50.92,O6,,,,,,
2547,50.94,O6,,,,,,
2548,50.96,O6,,,,,,
2549,50.98,O6,,,,,,
2550,51,O6,,,,,,
2551,51.02,O6,,,,,,
2552,51.04,O6,,,,,,
2553,51.06,O6,,,,,,
2554,51.08,O6,,,,,,
2555,51.1,O6,,,,,,
2556,51.12,O6,,,,,,
2557,51.14,O6,,,,,,
2558,51.16,O6,,,,,,
2559,51.18,O6,,,,,,
2560,51.2,O6,,,,,,
2561,51.22,O6,,,,,,
2562,51.24,O6,,,,,,
2563,51.26,O6,,,,,,
2564,51.28,O6,,,,,,
2565,51.3,O6,,,,,,
2566,51.32,O6,,,,,,
2567,51.34,O6,,,,,,
2568,51.36,O6,,,,,,
2569,51.38,O6,,,,,,
2570,51.4,O6,,,,,,
2571,51.42,O6,,,,,,
2572,51.44,O6,,,,,,
2573,51.46,O6,,,,,,
2574,51.48,O6,,,,,,
2575,51.5,O6,,,,,,
2576,51.52,O6,,,,,,
2577,51.54,O6,,,,,,
2578,51.56,O6,,,,,,
2579,51.58,O6,,,,,,
2580,51.6,O6,,,,,,
2581,51.62,O6,,,,,,
2582,51.64,O6,,,,,,
2583,51.66,O6,,,,,,
2584,51.68,O6,,,,,,
2585,51.7,O6,,,,,,
2586,51.72,O6,,,,,,
2587,51.74,O6,,,,,,
2588,51.76,O6,,,,,,
2589,51.78,O6,,,,,,
2590,51.8,O6,,,,,,
2591,51.82,O6,,,,,,
2592,51.84,O6,,,,,,
2593,51.86,O6,,,,,,
2594,51.88,O6,,,,,,
2595,51.9,O6,,,,,,
2596,51.92,O6,,,,,,
2597,51.94,O6,,,,,,
2598,51.96,O6,,,,,,
2599,51.98,O6,,,,,,
2600,52,O6,,,,,,
2601,52.02,O6,,,,,,
2602,52.04,O6,,,,,,
2603,52.06,O6,,,,,,
2604,52.08,O6,,,,,,
2605,52.1,O6,,,,,,
2606,52.12,O6,,,,,,
2607,52.14,O6,,,,,,
2608,52.16,O6,,,,,,
2609,52.18,O6,,,,,,
2610,52.2,O6,,,,,,
2611,52.22,O6,,,,,,
2612,52.24,O6,,,,,,
2613,52.26,O6,,,,,,
2614,52.28,O6,,,,,,
2615,52.3,O6,,,,,,
2616,52.32,O6,,,,,,
2617,52.34,O6,,,,,,
2618,52.36,O6,,,,,,
2619,52.38,,,,,,,
2620,52.4,,,,,,,
2621,52.42,,,,,,,
2622,52.44,,,,,,,
2623,52.46,,,,,,,
2624,52.48,,,,,,,
2625,52.5,,,,,,,
2626,52.52,O5,,,,,,
2627,52.54,O5,,,,,,
2628,52.56,O5,,,,,,
2629,52.58,O5,,,,,,
2630,52.6,O5,,,,,,
2631,52.62,O5,,,,,,
2632,52.64,O5,,,,,,
2633,52.66,O5,,,,,,
2634,52.68,O5,,,,,,
2635,52.7,O5,,,,,,
2636,52.72,O5,,,,,,
2637,52.74,O5,,,,,,
2638,52.76,O5,,,,,,
2639,52.78,O5,,,,,,
2640,52.8,O5,,,,,,
2641,52.82,O5,,,,,,
2642,52.84,O5,,,,,,
2643,52.86,O5,,,,,,
2644,52.88,O5,O2,,,,,
2645,52.9,O5,O2,,,,,
2646,52.92,O5,O2,,,,,
2647,52.94,O5,O2,,,,,
2648,52.96,O5,O2,,,,,
2649,52.98,O5,O2,,,,,
2650,53,,O2,,,,,
2651,53.02,,O2,,,,,
2652,53.04,,O2,,,,,
2653,53.06,,O2,,,,,
2654,53.08,,O2,,,,,
2655,53.1,,O2,,,,,
2656,53.12,,O2,,,,,
2657,53.14,,O2,,,,,
2658,53.16,,O2,,,,,
2659,53.18,,O2,,,,,
2660,53.2,,O2,,,,,
2661,53.22,,O2,,,,,
2662,53.24,,O2,,,,,
2663,53.26,,,,,,,
2664,53.28,,,,,,,
2665,53.3,,,,,,,
2666,53.32,,,,,,,
2667,53.34,,,,,,,
2668,53.36,,,,,,,
2669,53.38,,,,,,,
2670,53.4,,,,,,,
2671,53.42,,,,,,,
2672,53.44,,,,,,,
2673,53.46,,O7,,,,,
2674,53.48,,O7,,,,,
2675,53.5,,,,,,,
2676,53.52,,,,,,,
2677,53.54,,,,,,,
2678,53.56,,,,,,,
2679,53.58,,,,,,,
2680,53.6,,,,,,,
2681,53.62,,,,,,,
2682,53.64,,,,,,,
2683,53.66,,,,,,,
2684,53.68,,,,,,,
2685,53.7,,,,,,,
2686,53.72,,,,,,,
2687,53.74,,,,,,,
2688,53.76,,,,,,,
2689,53.78,,,,,,,
2690,53.8,,,,,,,
2691,53.82,,,,,,,
2692,53.84,,,,,,,
2693,53.86,,,,,,,
2694,53.88,,,,,,,
2695,53.9,,,,,,,
2696,53.92,,,,,,,
2697,53.94,,,,,,,
2698,53.96,,,,,,,
2699,53.98,,,,,,,
2700,54,,,,,,,
2701,54.02,,,,,,,
2702,54.04,,,,,,,
2703,54.06,,,,,,,
2704,54.08,,,,,,,
2705,54.1,,,,,,,
2706,54.12,,,,,,,
2707,54.14,,,,,,,
2708,54.16,,,,,,,
2709,54.18,,,,,,,
2710,54.2,,,,,,,
2711,54.22,,,,,,,
2712,54.24,,,,,,,
2713,54.26,,,,,,,
2714,54.28,,,,,,,
2715,54.3,,,,,,,
2716,54.32,,,,,,,
2717,54.34,,,,,,,
2718,54.36,,,,,,,
2719,54.38,,,,,,,
2720,54.4,,,,,,,
2721,54.42,,,,,,,
2722,54.44,,,,,,,
2723,54.46,,,,,,,
2724,54.48,,,,,,,
2725,54.5,,,,,,,
2726,54.52,,,,,,,
2727,54.54,,,,,,,
2728,54.56,,,,,,,
2729,54.58,,,,,,,
2730,54.6,,,,,,,
2731,54.62,,,,,,,
2732,54.64,,,,,,,
2733,54.66,,,,,,,
2734,54.68,,,,,,,
2735,54.7,,,,,,,
2736,54.72,,,,,,,
2737,54.74,,,,,,,
2738,54.76,,,,,,,
2739,54.78,,,,,,,
2740,54.8,,,,,,,
2741,54.82,,,,,,,
2742,54.84,,,,,,,
2743,54.86,,,,,,,
2744,54.88,,,,,,,
2745,54.9,,,,,,,
2746,54.92,,,,,,,
2747,54.94,,,,,,,
2748,54.96,,,,,,,
2749,54.98,,,,,,,
2750,55,O6,,,,,,
2751,55.02,O6,,,,,,
2752,55.04,O6,,,,,,
2753,55.06,O6,,,,,,
2754,55.08,O6,,,,,,
2755,55.1,O6,,,,,,
2756,55.12,O6,,,,,,
2757,55.14,O6,,,,,,
2758,55.16,O6,,,,,,
2759,55.18,O6,,,,,,
2760,55.2,O6,,,,,,
2761,55.22,O6,,,,,,
2762,55.24,O6,,,,,,
2763,55.26,O6,,,,,,
2764,55.28,O6,,,,,,
2765,55.3,O6,,,,,,
2766,55.32,O6,,,,,,
2767,55.34,O6,,,,,,
2768,55.36,O6,,,,,,
2769,55.38,O6,,,,,,
2770,55.4,O6,,,,,,
2771,55.42,O6,,,,,,
2772,55.44,O6,,,,,,
2773,55.46,O6,,,,,,
2774,55.48,O6,,,,,,
2775,55.5,O6,,,,,,
2776,55.52,O6,,,,,,
2777,55.54,O6,,,,,,
2778,55.56,O6,,,,,,
2779,55.58,O6,,,,,,
2780,55.6,O6,,,,,,
2781,55.62,O6,,,,,,
2782,55.64,O6,,,,,,
2783,55.66,O6,,,,,,
2784,55.68,O6,,,,,,
2785,55.7,O6,,,,,,
2786,55.72,O6,,,,,,
2787,55.74,O6,,,,,,
2788,55.76,O6,,,,,,
2789,55.78,O6,,,,,,
2790,55.8,O6,,,,,,
2791,55.82,O6,,,,,,
2792,55.84,O6,,,,,,
2793,55.86,O6,,,,,,
2794,55.88,O6,,,,,,
2795,55.9,O6,,,,,,
2796,55.92,O6,,,,,,
2797,55.94,O6,,,,,,
2798,55.96,O6,,,,,,
2799,55.98,,,,,,,
2800,56,,,,,,,
2801,56.02,,,,,,,
2802,56.04,,,,,,,
2803,56.06,,,,,,,
2804,56.08,,,,,,,
2805,56.1,,,,,,,
2806,56.12,,,,,,,
2807,56.14,,,,,,,
2808,56.16,,,,,,,
2809,56.18,,,,,,,
2810,56.2,,,,,,,
2811,56.22,,,,,,,
2812,56.24,,,,,,,
2813,56.26,,,,,,,
2814,56.28,,,,,,,
2815,56.3,O5,,,,,,
2816,56.32,O5,,,,,,
2817,56.34,O5,,,,,,
2818,56.36,O5,,,,,,
2819,56.38,,,,,,,
2820,56.4,,,,,,,
2821,56.42,,,,,,,
2822,56.44,,,,,,,
2823,56.46,,,,,,,
2824,56.48,,,,,,,
2825,56.5,,,,,,,
2826,56.52,,,,,,,
2827,56.54,,,,,,,
2828,56.56,,,,,,,
2829,56.58,,,,,,,
2830,56.6,,,,,,,
2831,56.62,,,,,,,
2832,56.64,,,,,,,
2833,56.66,,,,,,,
2834,56.68,,,,,,,
2835,56.7,,,,,,,
2836,56.72,O4,,,,,,
2837,56.74,O4,,,,,,
2838,56.76,O4,,,,,,
2839,56.78,O4,,,,,,
2840,56.8,O4,,,,,,
2841,56.82,O4,,,,,,
2842,56.84,O4,,,,,,
2843,56.86,O4,,,,,,
2844,56.88,O4,,,,,,
2845,56.9,O4,,,,,,
2846,56.92,O4,,,,,,
2847,56.94,O4,,,,,,
2848,56.96,O4,,,,,,
2849,56.98,O4,,,,,,
2850,57,O4,,,,,,
2851,57.02,O4,,,,,,
2852,57.04,,,,,,,
2853,57.06,,,,,,,
2854,57.08,,,,,,,
2855,57.1,,,,,,,
2856,57.12,,,,,,,
2857,57.14,,,,,,,
2858,57.16,,,,,,,
2859,57.18,,,,,,,
2860,57.2,,,,,,,
2861,57.22,,,,,,,
2862,57.24,,,,,,,
2863,57.26,,,,,,,
2864,57.28,,,,,,,
2865,57.3,,,,,,,
2866,57.32,,,,,,,
2867,57.34,,,,,,,
2868,57.36,,,,,,,
2869,57.38,,,,,,,
2870,57.4,,,,,,,
2871,57.42,,,,,,,
2872,57.44,,,,,,,
2873,57.46,,,,,,,
2874,57.48,,,,,,,
2875,57.5,,,,,,,
2876,57.52,,,,,,,
2877,57.54,,,,,,,
2878,57.56,,,,,,,
2879,57.58,,,,,,,
2880,57.6,,,,,,,
2881,57.62,,,,,,,
2882,57.64,O4,,,,,,
2883,57.66,O4,,,,,,
2884,57.68,O4,,,,,,
2885,57.7,O4,,,,,,
2886,57.72,O4,,,,,,
2887,57.74,O4,,,,,,
2888,57.76,O4,,,,,,
2889,57.78,O4,,,,,,
2890,57.8,O4,,,,,,
2891,57.82,O4,,,,,,
2892,57.84,O4,,,,,,
2893,57.86,O4,,,,,,
2894,57.88,O4,,,,,,
2895,57.9,O4,,,,,,
2896,57.92,O4,,,,,,
2897,57.94,O4,,,,,,
2898,57.96,O4,,,,,,
2899,57.98,O4,,,,,,
2900,58,O4,,,,,,
2901,58.02,O4,,,,,,
2902,58.04,O4,,,,,,
2903,58.06,O4,,,,,,
2904,58.08,O4,,,,,,
2905,58.1,O4,,,,,,
2906,58.12,O4,,,,,,
2907,58.14,O4,,,,,,
2908,58.16,O4,,,,,,
2909,58.18,O4,,,,,,
2910,58.2,O4,,,,,,
2911,58.22,O4,,,,,,
2912,58.24,O4,,,,,,
2913,58.26,O4,,,,,,
2914,58.28,O4,,,,,,
2915,58.3,O4,,,,,,
2916,58.32,O4,,,,,,
2917,58.34,O4,,,,,,
2918,58.36,O4,,,,,,
2919,58.38,O4,,,,,,
2920,58.4,O4,,,,,,
2921,58.42,O4,,,,,,
2922,58.44,O4,,,,,,
2923,58.46,O4,,,,,,
2924,58.48,O4,,,,,,
2925,58.5,O4,,,,,,
2926,58.52,O4,,,,,,
2927,58.54,O4,,,,,,
2928,58.56,O4,,,,,,
2929,58.58,O4,,,,,,
2930,58.6,O4,,,,,,
2931,58.62,O4,,,,,,
2932,58.64,O4,,,,,,
2933,58.66,O4,,,,,,
2934,58.68,O4,,,,,,
2935,58.7,O4,,,,,,
2936,58.72,O4,,,,,,
2937,58.74,O4,,,,,,
2938,58.76,O4,,,,,,
2939,58.78,O4,,,,,,
2940,58.8,O4,,,,,,
2941,58.82,O4,,,,,,
2942,58.84,O4,,,,,,
2943,58.86,O4,,,,,,
2944,58.88,O4,,,,,,
2945,58.9,O4,,,,,,
2946,58.92,O4,,,,,,
2947,58.94,O4,,,,,,
2948,58.96,O4,,,,,,
2949,58.98,O4,,,,,,
2950,59,O4,,,,,,
2951,59.02,O4,,,,,,
2952,59.04,O4,,,,,,
2953,59.06,O4,,,,,,
2954,59.08,O4,,,,,,
2955,59.1,O4,,,,,,
2956,59.12,O4,,,,,,
2957,59.14,O4,,,,,,
2958,59.16,O4,,,,,,
2959,59.18,O4,,,,,,
2960,59.2,O4,,,,,,
2961,59.22,O4,,,,,,
2962,59.24,O4,,,,,,
2963,59.26,O4,,,,,,
2964,59.28,O4,,,,,,
2965,59.3,O4,,,,,,
2966,59.32,O4,,,,,,
2967,59.34,O4,,,,,,
2968,59.36,O4,,,,,,
2969,59.38,O4,,,,,,
2970,59.4,O4,,,,,,
2971,59.42,O4,,,,,,
2972,59.44,O4,,,,,,
2973,59.46,O4,,,,,,
2974,59.48,O4,,,,,,
2975,59.5,O4,,,,,,
2976,59.52,O4,,,,,,
2977,59.54,O4,,,,,,
2978,59.56,O4,,,,,,
2979,59.58,O4,,,,,,
2980,59.6,O4,,,,,,
2981,59.62,O4,,,,,,
2982,59.64,O4,,,,,,
2983,59.66,O4,,,,,,
2984,59.68,O4,,,,,,
2985,59.7,O4,,,,,,
2986,59.72,O4,,,,,,
2987,59.74,O4,,,,,,
2988,59.76,O4,,,,,,
2989,59.78,O4,O4,,,,,
2990,59.8,O4,O4,,,,,
2991,59.82,O4,O4,,,,,
2992,59.84,O4,O4,,,,,
2993,59.86,O4,O4,,,,,
2994,59.88,O4,O4,,,,,
2995,59.9,O4,O4,,,,,
2996,59.92,O4,O4,,,,,
2997,59.94,O4,O4,,,,,
2998,59.96,O4,O4,,,,,
2999,59.98,O4,O4,,,,,
3000,60,O4,O4,,,,,
3001,60.02,O4,O4,,,,,
3002,60.04,O4,O4,,,,,
3003,60.06,O4,O4,,,,,
3004,60.08,O4,O4,,,,,
3005,60.1,O4,O4,,,,,
3006,60.12,O4,O4,,,,,
3007,60.14,O4,O4,,,,,
3008,60.16,O4,O4,,,,,
3009,60.18,O4,O4,,,,,
3010,60.2,O4,O4,,,,,
3011,60.22,O4,O4,,,,,
3012,60.24,O4,O4,,,,,
3013,60.26,O4,O4,,,,,
3014,60.28,O4,O4,,,,,
3015,60.3,O4,O4,,,,,
3016,60.32,O4,O4,,,,,
3017,60.34,O4,O4,,,,,
3018,60.36,O4,O4,,,,,
3019,60.38,O4,O4,,,,,
3020,60.4,O4,O4,,,,,
3021,60.42,O4,,,,,,
3022,60.44,O4,,,,,,
3023,60.46,O4,O4,,,,,
3024,60.48,O4,O4,,,,,
3025,60.5,O4,O4,,,,,
3026,60.52,O4,O4,,,,,
3027,60.54,O4,O4,,,,,
3028,60.56,O4,O4,,,,,
3029,60.58,O4,O4,,,,,
3030,60.6,O4,O4,,,,,
3031,60.62,O4,O4,,,,,
3032,60.64,O4,O4,,,,,
3033,60.66,O4,O4,,,,,
3034,60.68,O4,O4,,,,,
3035,60.7,O4,O4,,,,,
3036,60.72,O4,O4,,,,,
3037,60.74,O4,O4,,,,,
3038,60.76,O4,O4,,,,,
3039,60.78,O4,O4,,,,,
3040,60.8,O4,O4,,,,,
3041,60.82,,O4,,,,,
3042,60.84,,O4,,,,,
3043,60.86,,O4,,,,,
3044,60.88,,O4,,,,,
3045,60.9,,O4,,,,,
3046,60.92,,O4,,,,,
3047,60.94,,O4,,,,,
3048,60.96,,O4,,,,,
3049,60.98,,O4,,,,,
3050,61,,O4,,,,,
3051,61.02,,O4,,,,,
3052,61.04,,O4,,,,,
3053,61.06,,,,,,,
3054,61.08,,,,,,,
3055,61.1,,,,,,,
3056,61.12,,,,,,,
3057,61.14,,,,,,,
3058,61.16,,,,,,,
3059,61.18,,,,,,,
3060,61.2,,,,,,,
3061,61.22,,,,,,,
3062,61.24,,,,,,,
3063,61.26,,,,,,,
3064,61.28,,,,,,,
3065,61.3,,,,,,,
3066,61.32,,,,,,,
3067,61.34,,,,,,,
3068,61.36,,,,,,,
3069,61.38,,,,,,,
3070,61.4,,,,,,,
3071,61.42,O4,,,,,,
3072,61.44,O4,,,,,,
3073,61.46,O4,,,,,,
3074,61.48,O4,,,,,,
3075,61.5,O4,,,,,,
3076,61.52,O4,,,,,,
3077,61.54,O4,,,,,,
3078,61.56,O4,,,,,,
3079,61.58,O4,,,,,,
3080,61.6,O4,,,,,,
3081,61.62,O4,,,,,,
3082,61.64,O4,,,,,,
3083,61.66,O4,,,,,,
3084,61.68,O4,,,,,,
3085,61.7,O4,,,,,,
3086,61.72,O4,,,,,,
3087,61.74,O4,,,,,,
3088,61.76,O4,,,,,,
3089,61.78,,,,,,,
3090,61.8,,,,,,,
3091,61.82,,,,,,,
3092,61.84,,,,,,,
3093,61.86,,,,,,,
3094,61.88,,,,,,,
3095,61.9,,,,,,,
3096,61.92,,,,,,,
3097,61.94,,,,,,,
3098,61.96,,,,,,,
3099,61.98,,,,,,,
3100,62,,,,,,,
3101,62.02,,,,,,,
3102,62.04,,,,,,,
3103,62.06,,,,,,,
3104,62.08,,,,,,,
3105,62.1,,,,,,,
3106,62.12,,,,,,,
3107,62.14,,,,,,,
3108,62.16,,,,,,,
3109,62.18,,,,,,,
3110,62.2,,,,,,,
3111,62.22,,,,,,,
3112,62.24,,,,,,,
3113,62.26,,,,,,,
3114,62.28,,,,,,,
3115,62.3,,,,,,,
3116,62.32,,,,,,,
3117,62.34,,,,,,,
3118,62.36,,,,,,,
3119,62.38,,,,,,,
3120,62.4,O4,,,,,,
3121,62.42,O4,,,,,,
3122,62.44,O4,,,,,,
3123,62.46,O4,,,,,,
3124,62.48,O4,,,,,,
3125,62.5,O4,,,,,,
3126,62.52,O4,,,,,,
3127,62.54,O4,,,,,,
3128,62.56,O4,,,,,,
3129,62.58,O4,,,,,,
3130,62.6,O4,,,,,,
3131,62.62,O4,,,,,,
3132,62.64,O4,,,,,,
3133,62.66,O4,,,,,,
3134,62.68,O4,,,,,,
3135,62.7,O4,,,,,,
3136,62.72,O4,,,,,,
3137,62.74,O4,,,,,,
3138,62.76,O4,,,,,,
3139,62.78,O4,,,,,,
3140,62.8,O4,,,,,,
3141,62.82,O4,,,,,,
3142,62.84,O4,,,,,,
3143,62.86,O4,,,,,,
3144,62.88,O4,,,,,,
3145,62.9,O4,,,,,,
3146,62.92,O4,,,,,,
3147,62.94,O4,O4,,,,,
3148,62.96,O4,O4,,,,,
3149,62.98,O4,O4,,,,,
3150,63,O4,O4,,,,,
3151,63.02,O4,O4,,,,,
3152,63.04,O4,O4,,,,,
3153,63.06,O4,O4,,,,,
3154,63.08,O4,O4,,,,,
3155,63.1,O4,O4,,,,,
3156,63.12,O4,O4,,,,,
3157,63.14,O4,O4,,,,,
3158,63.16,O4,O4,,,,,
3159,63.18,O4,O4,,,,,
3160,63.2,O4,O4,,,,,
3161,63.22,O4,O4,,,,,
3162,63.24,O4,O4,,,,,
3163,63.26,O4,O4,,,,,
3164,63.28,O4,O4,,,,,
3165,63.3,O4,O4,,,,,
3166,63.32,O4,O4,,,,,
3167,63.34,O4,O4,,,,,
3168,63.36,O4,O4,,,,,
3169,63.38,O4,O4,,,,,
3170,63.4,O4,O4,,,,,
3171,63.42,O4,O4,,,,,
3172,63.44,O4,,,,,,
3173,63.46,O4,,,,,,
3174,63.48,,,,,,,
3175,63.5,,,,,,,
3176,63.52,,,,,,,
3177,63.54,,,,,,,
3178,63.56,,,,,,,
3179,63.58,,,,,,,
3180,63.6,,,,,,,
3181,63.62,,,,,,,
3182,63.64,,,,,,,
3183,63.66,,,,,,,
3184,63.68,,,,,,,
3185,63.7,,O4,,,,,
3186,63.72,,O4,,,,,
3187,63.74,,O4,,,,,
3188,63.76,,O4,,,,,
3189,63.78,,O4,,,,,
3190,63.8,,O4,,,,,
3191,63.82,O4,O4,,,,,
3192,63.84,O4,O4,,,,,
3193,63.86,O4,O4,,,,,
3194,63.88,O4,O4,,,,,
3195,63.9,O4,O4,,,,,
3196,63.92,,O4,,,,,
3197,63.94,,O4,,,,,
3198,63.96,,O4,,,,,
3199,63.98,,O4,,,,,
3200,64,,O4,,,,,
3201,64.02,,O4,,,,,
3202,64.04,,O4,,,,,
3203,64.06,,O4,,,,,
3204,64.08,,O4,,,,,
3205,64.1,,O4,,,,,
3206,64.12,,O4,,,,,
3207,64.14,,O4,,,,,
3208,64.16,,O4,,,,,
3209,64.18,,O4,,,,,
3210,64.2,,O4,,,,,
3211,64.22,,O4,,,,,
3212,64.24,,,,,,,
3213,64.26,,,,,,,
3214,64.28,,,,,,,
3215,64.3,,,,,,,
3216,64.32,O4,,,,,,
3217,64.34,O4,,,,,,
3218,64.36,O4,,,,,,
3219,64.38,O4,,,,,,
3220,64.4,O4,,,,,,
3221,64.42,O4,,,,,,
3222,64.44,O4,,,,,,
3223,64.46,O4,,,,,,
3224,64.48,O4,,,,,,
3225,64.5,O4,,,,,,
3226,64.52,O4,,,,,,
3227,64.54,O4,,,,,,
3228,64.56,O4,,,,,,
3229,64.58,O4,,,,,,
3230,64.6,O4,,,,,,
3231,64.62,O4,,,,,,
3232,64.64,O4,,,,,,
3233,64.66,O4,,,,,,
3234,64.68,O4,,,,,,
3235,64.7,O4,,,,,,
3236,64.72,O4,,,,,,
3237,64.74,O4,,,,,,
3238,64.76,O4,,,,,,
3239,64.78,O4,,,,,,
3240,64.8,O4,,,,,,
3241,64.82,O4,,,,,,
3242,64.84,O4,,,,,,
3243,64.86,O4,,,,,,
3244,64.88,O4,,,,,,
3245,64.9,O4,,,,,,
3246,64.92,O4,,,,,,
3247,64.94,O4,,,,,,
3248,64.96,O4,,,,,,
3249,64.98,O4,,,,,,
3250,65,O4,,,,,,
3251,65.02,O4,,,,,,
3252,65.04,O4,,,,,,
3253,65.06,O4,,,,,,
3254,65.08,O4,,,,,,
3255,65.1,O4,,,,,,
3256,65.12,O4,,,,,,
3257,65.14,O4,,,,,,
3258,65.16,O4,,,,,,
3259,65.18,O4,,,,,,
3260,65.2,O4,,,,,,
3261,65.22,O4,,,,,,
3262,65.24,O4,,,,,,
3263,65.26,O4,,,,,,
3264,65.28,O4,,,,,,
3265,65.3,O4,,,,,,
3266,65.32,O4,,,,,,
3267,65.34,O4,,,,,,
3268,65.36,O4,,,,,,
3269,65.38,O4,,,,,,
3270,65.4,O4,,,,,,
3271,65.42,O4,,,,,,
3272,65.44,O4,,,,,,
3273,65.46,O4,,,,,,
3274,65.48,O4,,,,,,
3275,65.5,O4,,,,,,
3276,65.52,O4,,,,,,
3277,65.54,O4,,,,,,
3278,65.56,O4,,,,,,
3279,65.58,O4,O4,,,,,
3280,65.6,O4,O4,,,,,
3281,65.62,O4,O4,,,,,
3282,65.64,O4,O4,,,,,
3283,65.66,O4,O4,,,,,
3284,65.68,O4,O4,,,,,
3285,65.7,O4,O4,,,,,
3286,65.72,O4,O4,,,,,
3287,65.74,O4,O4,,,,,
3288,65.76,O4,O4,,,,,
3289,65.78,O4,O4,,,,,
3290,65.8,O4,O4,,,,,
3291,65.82,O4,O4,,,,,
3292,65.84,O4,O4,,,,,
3293,65.86,O4,O4,,,,,
3294,65.88,O4,O4,,,,,
3295,65.9,O4,O4,,,,,
3296,65.92,O4,O4,,,,,
3297,65.94,O4,O4,,,,,
3298,65.96,O4,O4,,,,,
3299,65.98,O4,O4,,,,,
3300,66,O4,O4,,,,,
3301,66.02,O4,O4,,,,,
3302,66.04,O4,O4,,,,,
3303,66.06,O4,O4,,,,,
3304,66.08,O4,O4,,,,,
3305,66.1,O4,O4,,,,,
3306,66.12,O4,O4,,,,,
3307,66.14,O4,O4,,,,,
3308,66.16,O4,O4,,,,,
3309,66.18,O4,O4,,,,,
3310,66.2,O4,O4,,,,,
3311,66.22,O4,O4,,,,,
3312,66.24,O4,O4,,,,,
3313,66.26,O4,O4,,,,,
3314,66.28,O4,O4,,,,,
3315,66.3,O4,O4,,,,,
3316,66.32,O4,O4,,,,,
3317,66.34,O4,O4,,,,,
3318,66.36,O4,O4,,,,,
3319,66.38,O4,O4,,,,,
3320,66.4,O4,O4,,,,,
3321,66.42,O4,O4,,,,,
3322,66.44,O4,O4,,,,,
3323,66.46,O4,O4,,,,,
3324,66.48,O4,O4,,,,,
3325,66.5,O4,O4,,,,,
3326,66.52,O4,O4,,,,,
3327,66.54,O4,O4,,,,,
3328,66.56,O4,O4,,,,,
3329,66.58,O4,O4,,,,,
3330,66.6,O4,O4,,,,,
3331,66.62,O4,O4,,,,,
3332,66.64,O4,O4,,,,,
3333,66.66,O4,O4,,,,,
3334,66.68,O4,O4,,,,,
3335,66.7,O4,O4,,,,,
3336,66.72,O4,O4,,,,,
3337,66.74,O4,O4,,,,,
3338,66.76,O4,O4,,,,,
3339,66.78,,O4,,,,,
3340,66.8,,O4,,,,,
3341,66.82,,O4,,,,,
3342,66.84,,O4,,,,,
3343,66.86,,O4,,,,,
3344,66.88,,O4,,,,,
3345,66.9,,O4,,,,,
3346,66.92,,O4,,,,,
3347,66.94,,O4,,,,,
3348,66.96,,O4,,,,,
3349,66.98,,O4,,,,,
3350,67,,O4,,,,,
3351,67.02,,O4,,,,,
3352,67.04,,O4,,,,,
3353,67.06,O4,O4,,,,,
3354,67.08,O4,O4,,,,,
3355,67.1,O4,O4,,,,,
3356,67.12,O4,O4,,,,,
3357,67.14,O4,O4,,,,,
3358,67.16,O4,O4,,,,,
3359,67.18,O4,O4,,,,,
3360,67.2,O4,O4,,,,,
3361,67.22,O4,,,,,,
3362,67.24,O4,,,,,,
3363,67.26,O4,,,,,,
3364,67.28,O4,,,,,,
3365,67.3,O4,,,,,,
3366,67.32,O4,,,,,,
3367,67.34,,,,,,,
3368,67.36,,,,,,,
3369,67.38,,,,,,,
3370,67.4,,,,,,,
3371,67.42,,,,,,,
3372,67.44,,,,,,,
3373,67.46,,,,,,,
3374,67.48,,,,,,,
3375,67.5,,,,,,,
3376,67.52,,,,,,,
3377,67.54,,,,,,,
3378,67.56,,,,,,,
3379,67.58,,,,,,,
3380,67.6,,,,,,,
3381,67.62,,,,,,,
3382,67.64,,,,,,,
3383,67.66,,,,,,,
3384,67.68,,,,,,,
3385,67.7,,,,,,,
3386,67.72,,,,,,,
3387,67.74,,,,,,,
3388,67.76,,,,,,,
3389,67.78,,,,,,,
3390,67.8,,,,,,,
3391,67.82,,,,,,,
3392,67.84,,,,,,,
3393,67.86,,,,,,,
3394,67.88,,,,,,,
3395,67.9,,,,,,,
3396,67.92,,,,,,,
3397,67.94,,,,,,,
3398,67.96,,,,,,,
3399,67.98,,,,,,,
3400,68,,,,,,,
3401,68.02,,,,,,,
3402,68.04,,,,,,,
3403,68.06,,,,,,,
3404,68.08,,,,,,,
3405,68.1,,,,,,,
3406,68.12,,,,,,,
3407,68.14,,,,,,,
3408,68.16,,,,,,,
3409,68.18,,,,,,,
3410,68.2,,,,,,,
3411,68.22,,,,,,,
3412,68.24,,,,,,,
3413,68.26,,,,,,,
3414,68.28,,,,,,,
3415,68.3,,,,,,,
3416,68.32,,,,,,,
3417,68.34,,,,,,,
3418,68.36,,,,,,,
3419,68.38,,,,,,,
3420,68.4,,,,,,,
3421,68.42,,,,,,,
3422,68.44,,,,,,,
3423,68.46,,,,,,,
3424,68.48,,,,,,,
3425,68.5,,,,,,,
3426,68.52,,,,,,,
3427,68.54,,,,,,,
3428,68.56,,,,,,,
3429,68.58,,,,,,,
3430,68.6,,,,,,,
3431,68.62,,,,,,,
3432,68.64,,,,,,,
3433,68.66,O3,,,,,,
3434,68.68,O3,,,,,,
3435,68.7,O3,,,,,,
3436,68.72,O3,,,,,,
3437,68.74,O3,,,,,,
3438,68.76,O3,,,,,,
3439,68.78,,,,,,,
3440,68.8,,,,,,,
3441,68.82,,,,,,,
3442,68.84,,,,,,,
3443,68.86,,,,,,,
3444,68.88,,,,,,,
3445,68.9,,,,,,,
3446,68.92,,,,,,,
3447,68.94,,,,,,,
3448,68.96,,,,,,,
3449,68.98,,,,,,,
3450,69,,,,,,,
3451,69.02,,,,,,,
3452,69.04,,,,,,,
3453,69.06,,,,,,,
3454,69.08,,,,,,,
3455,69.1,,,,,,,
3456,69.12,,,,,,,
3457,69.14,,,,,,,
3458,69.16,,,,,,,
3459,69.18,,,,,,,
3460,69.2,,,,,,,
3461,69.22,,,,,,,
3462,69.24,,,,,,,
3463,69.26,,,,,,,
3464,69.28,,,,,,,
3465,69.3,,,,,,,
3466,69.32,P2,,,,,,
3467,69.34,P2,,,,,,
3468,69.36,P2,,,,,,
3469,69.38,P2,,,,,,
3470,69.4,P2,,,,,,
3471,69.42,P2,,,,,,
3472,69.44,P2,,,,,,
3473,69.46,P2,,,,,,
3474,69.48,P2,,,,,,
3475,69.5,P2,,,,,,
3476,69.52,P2,,,,,,
3477,69.54,P2,,,,,,
3478,69.56,P2,,,,,,
3479,69.58,P2,,,,,,
3480,69.6,P2,,,,,,
3481,69.62,P2,,,,,,
3482,69.64,P2,,,,,,
3483,69.66,P2,,,,,,
3484,69.68,P2,,,,,,
3485,69.7,P2,,,,,,
3486,69.72,P2,,,,,,
3487,69.74,P2,,,,,,
3488,69.76,P2,,,,,,
3489,69.78,P2,,,,,,
3490,69.8,P2,,,,,,
3491,69.82,P2,,,,,,
3492,69.84,P2,,,,,,
3493,69.86,P2,,,,,,
3494,69.88,P2,,,,,,
3495,69.9,P2,,,,,,
3496,69.92,P2,,,,,,
3497,69.94,P2,,,,,,
3498,69.96,P2,,,,,,
3499,69.98,P2,,,,,,
3500,70,P2,,,,,,
3501,70.02,P2,,,,,,
3502,70.04,P2,,,,,,
3503,70.06,P2,,,,,,
3504,70.08,P2,,,,,,
3505,70.1,P2,,,,,,
3506,70.12,P2,,,,,,
3507,70.14,P2,,,,,,
3508,70.16,P2,,,,,,
3509,70.18,P2,,,,,,
3510,70.2,P2,,,,,,
3511,70.22,P2,,,,,,
3512,70.24,,,,,,,
3513,70.26,,,,,,,
3514,70.28,,,,,,,
3515,70.3,,,,,,,
3516,70.32,,,,,,,
3517,70.34,P1,,,,,,
3518,70.36,P1,,,,,,
3519,70.38,P1,,,,,,
3520,70.4,P1,,,,,,
3521,70.42,P1,,,,,,
3522,70.44,P1,,,,,,
3523,70.46,P1,,,,,,
3524,70.48,P1,,,,,,
3525,70.5,P1,,,,,,
3526,70.52,P1,,,,,,
3527,70.54,P1,,,,,,
3528,70.56,P1,,,,,,
3529,70.58,P1,,,,,,
3530,70.6,P1,,,,,,
3531,70.62,P1,,,,,,
3532,70.64,P1,,,,,,
3533,70.66,P1,,,,,,
3534,70.68,P1,,,,,,
3535,70.7,P1,,,,,,
3536,70.72,P1,,,,,,
3537,70.74,P1,,,,,,
3538,70.76,P1,,,,,,
3539,70.78,P1,,,,,,
3540,70.8,P1,,,,,,
3541,70.82,P1,,,,,,
3542,70.84,P1,,,,,,
3543,70.86,P1,,,,,,
3544,70.88,P1,,,,,,
3545,70.9,P1,,,,,,
3546,70.92,P1,,,,,,
3547,70.94,P1,,,,,,
3548,70.96,P1,,,,,,
3549,70.98,P1,,,,,,
3550,71,P1,,,,,,
3551,71.02,P1,,,,,,
3552,71.04,P1,,,,,,
3553,71.06,P1,,,,,,
3554,71.08,P1,,,,,,
3555,71.1,P1,,,,,,
3556,71.12,P1,,,,,,
3557,71.14,P1,,,,,,
3558,71.16,P1,,,,,,
3559,71.18,P1,,,,,,
3560,71.2,P1,,,,,,
3561,71.22,P1,,,,,,
3562,71.24,P1,,,,,,
3563,71.26,P1,,,,,,
3564,71.28,P1,,,,,,
3565,71.3,P1,,,,,,
3566,71.32,P1,,,,,,
3567,71.34,P1,,,,,,
3568,71.36,P1,,,,,,
3569,71.38,P1,,,,,,
3570,71.4,P1,,,,,,
3571,71.42,P1,,,,,,
3572,71.44,P1,,,,,,
3573,71.46,P1,,,,,,
3574,71.48,P1,,,,,,
3575,71.5,P1,,,,,,
3576,71.52,P1,,,,,,
3577,71.54,P1,,,,,,
3578,71.56,P1,,,,,,
3579,71.58,P1,,,,,,
3580,71.6,P1,,,,,,
3581,71.62,P1,,,,,,
3582,71.64,P1,,,,,,
3583,71.66,P1,,,,,,
3584,71.68,P1,,,,,,
3585,71.7,P1,,,,,,
3586,71.72,P1,,,,,,
3587,71.74,P1,,,,,,
3588,71.76,P1,,,,,,
3589,71.78,P1,,,,,,
3590,71.8,P1,,,,,,
3591,71.82,P1,,,,,,
3592,71.84,P1,,,,,,
3593,71.86,P1,,,,,,
3594,71.88,P1,,,,,,
3595,71.9,P1,,,,,,
3596,71.92,P1,,,,,,
3597,71.94,P1,,,,,,
3598,71.96,P1,,,,,,
3599,71.98,P1,,,,,,
3600,72,P1,,,,,,
3601,72.02,P1,,,,,,
3602,72.04,P1,,,,,,
3603,72.06,P1,,,,,,
3604,72.08,P1,,,,,,
3605,72.1,P1,,,,,,
3606,72.12,P1,,,,,,
3607,72.14,P1,,,,,,
3608,72.16,,,,,,,
3609,72.18,,,,,,,
3610,72.2,,,,,,,
3611,72.22,,,,,,,
3612,72.24,P2,,,,,,
3613,72.26,P2,,,,,,
3614,72.28,P2,,,,,,
3615,72.3,P2,,,,,,
3616,72.32,P2,,,,,,
3617,72.34,P2,,,,,,
3618,72.36,P2,,,,,,
3619,72.38,P2,,,,,,
3620,72.4,P2,,,,,,
3621,72.42,P2,,,,,,
3622,72.44,P2,,,,,,
3623,72.46,P2,,,,,,
3624,72.48,P2,,,,,,
3625,72.5,P2,,,,,,
3626,72.52,P2,,,,,,
3627,72.54,P2,,,,,,
3628,72.56,P2,,,,,,
3629,72.58,P2,,,,,,
3630,72.6,P2,,,,,,
3631,72.62,P2,,,,,,
3632,72.64,P2,,,,,,
3633,72.66,P2,,,,,,
3634,72.68,P2,,,,,,
3635,72.7,P2,,,,,,
3636,72.72,P2,,,,,,
3637,72.74,P2,,,,,,
3638,72.76,P2,,,,,,
3639,72.78,P2,,,,,,
3640,72.8,P2,,,,,,
3641,72.82,P2,,,,,,
3642,72.84,P2,,,,,,
3643,72.86,P2,,,,,,
3644,72.88,P2,,,,,,
3645,72.9,P2,,,,,,
3646,72.92,P2,,,,,,
3647,72.94,P2,,,,,,
3648,72.96,P2,,,,,,
3649,72.98,P2,,,,,,
3650,73,P2,,,,,,
3651,73.02,P2,,,,,,
3652,73.04,P2,,,,,,
3653,73.06,P2,,,,,,
3654,73.08,P2,,,,,,
3655,73.1,P2,,,,,,
3656,73.12,P2,,,,,,
3657,73.14,P2,,,,,,
3658,73.16,P2,,,,,,
3659,73.18,P2,,,,,,
3660,73.2,P2,,,,,,
3661,73.22,P2,,,,,,
3662,73.24,P2,,,,,,
3663,73.26,P2,,,,,,
3664,73.28,P2,,,,,,
3665,73.3,P2,,,,,,
3666,73.32,P2,,,,,,
3667,73.34,P2,,,,,,
3668,73.36,P2,,,,,,
3669,73.38,P2,,,,,,
3670,73.4,P2,,,,,,
3671,73.42,P2,,,,,,
3672,73.44,P2,,,,,,
3673,73.46,P2,,,,,,
3674,73.48,P2,,,,,,
3675,73.5,P2,,,,,,
3676,73.52,P2,,,,,,
3677,73.54,P2,,,,,,
3678,73.56,P2,,,,,,
3679,73.58,P2,,,,,,
3680,73.6,P2,,,,,,
3681,73.62,P2,,,,,,
3682,73.64,P2,,,,,,
3683,73.66,P2,,,,,,
3684,73.68,P2,,,,,,
3685,73.7,P2,,,,,,
3686,73.72,P2,,,,,,
3687,73.74,P2,,,,,,
3688,73.76,P2,,,,,,
3689,73.78,P2,,,,,,
3690,73.8,P2,,,,,,
3691,73.82,P2,,,,,,
3692,73.84,P2,,,,,,
